protein_name,protein_label,reference_pdb_id,hbond_scale,sasa_scale,vdw_rep_scale,vdw_attr_scale,rotamer_scale,pi_stack_scale,best_rmsd,best_energy_rmsd,ranking_gap_A
MBH12,MBH12 (1K43),1K43,0.6,0.7,0.05,0.1,0.5,0.25,4.445673616136651,5.104207065848606,0.658533449711955
MBH12,MBH12 (1K43),1K43,0.6,0.7,0.05,0.1,0.5,0.25,4.445673616136651,5.104207065848606,0.658533449711955
MBH12,MBH12 (1K43),1K43,0.6,0.7,0.05,0.1,0.5,0.25,4.445673616136651,5.104207065848606,0.658533449711955
MBH12,MBH12 (1K43),1K43,0.6,0.7,0.05,0.1,0.5,0.25,4.445673616136651,5.104207065848606,0.658533449711955
MBH12,MBH12 (1K43),1K43,0.6,0.7,0.05,0.1,0.5,0.25,4.445673616136651,5.104207065848606,0.658533449711955
MBH12,MBH12 (1K43),1K43,0.6,0.7,0.05,0.1,0.5,0.25,4.445673616136651,5.104207065848606,0.658533449711955
MBH12,MBH12 (1K43),1K43,0.6,0.7,0.05,0.15,0.5,0.25,4.445673616136651,5.104207065848606,0.658533449711955
MBH12,MBH12 (1K43),1K43,0.6,0.7,0.05,0.15,0.5,0.25,4.445673616136651,5.104207065848606,0.658533449711955
MBH12,MBH12 (1K43),1K43,0.6,0.7,0.05,0.15,0.5,0.25,4.445673616136651,5.104207065848606,0.658533449711955
MBH12,MBH12 (1K43),1K43,0.6,0.7,0.05,0.15,0.5,0.25,4.445673616136651,5.104207065848606,0.658533449711955
MBH12,MBH12 (1K43),1K43,0.6,0.7,0.05,0.15,0.5,0.25,4.445673616136651,5.104207065848606,0.658533449711955
MBH12,MBH12 (1K43),1K43,0.6,0.7,0.05,0.15,0.5,0.25,4.445673616136651,5.104207065848606,0.658533449711955
MBH12,MBH12 (1K43),1K43,0.6,0.8,0.05,0.1,0.5,0.25,4.445673616136651,5.104207065848606,0.658533449711955
MBH12,MBH12 (1K43),1K43,0.6,0.8,0.05,0.1,0.5,0.25,4.445673616136651,5.104207065848606,0.658533449711955
MBH12,MBH12 (1K43),1K43,0.6,0.8,0.05,0.1,0.5,0.25,4.445673616136651,5.104207065848606,0.658533449711955
MBH12,MBH12 (1K43),1K43,0.6,0.8,0.05,0.1,0.5,0.25,4.445673616136651,5.104207065848606,0.658533449711955
MBH12,MBH12 (1K43),1K43,0.6,0.8,0.05,0.1,0.5,0.25,4.445673616136651,5.104207065848606,0.658533449711955
MBH12,MBH12 (1K43),1K43,0.6,0.8,0.05,0.1,0.5,0.25,4.445673616136651,5.104207065848606,0.658533449711955
MBH12,MBH12 (1K43),1K43,0.6,0.8,0.05,0.15,0.5,0.25,4.445673616136651,5.104207065848606,0.658533449711955
MBH12,MBH12 (1K43),1K43,0.6,0.8,0.05,0.15,0.5,0.25,4.445673616136651,5.104207065848606,0.658533449711955
MBH12,MBH12 (1K43),1K43,0.6,0.8,0.05,0.15,0.5,0.25,4.445673616136651,5.104207065848606,0.658533449711955
MBH12,MBH12 (1K43),1K43,0.6,0.8,0.05,0.15,0.5,0.25,4.445673616136651,5.104207065848606,0.658533449711955
MBH12,MBH12 (1K43),1K43,0.6,0.8,0.05,0.15,0.5,0.25,4.445673616136651,5.104207065848606,0.658533449711955
MBH12,MBH12 (1K43),1K43,0.6,0.8,0.05,0.15,0.5,0.25,4.445673616136651,5.104207065848606,0.658533449711955
MBH12,MBH12 (1K43),1K43,0.75,0.7,0.05,0.1,0.5,0.25,4.445673616136651,5.104207065848606,0.658533449711955
MBH12,MBH12 (1K43),1K43,0.75,0.7,0.05,0.1,0.5,0.25,4.445673616136651,5.104207065848606,0.658533449711955
MBH12,MBH12 (1K43),1K43,0.75,0.7,0.05,0.1,0.5,0.25,4.445673616136651,5.104207065848606,0.658533449711955
MBH12,MBH12 (1K43),1K43,0.75,0.7,0.05,0.1,0.5,0.25,4.445673616136651,5.104207065848606,0.658533449711955
MBH12,MBH12 (1K43),1K43,0.75,0.7,0.05,0.1,0.5,0.25,4.445673616136651,5.104207065848606,0.658533449711955
MBH12,MBH12 (1K43),1K43,0.75,0.7,0.05,0.1,0.5,0.25,4.445673616136651,5.104207065848606,0.658533449711955
MBH12,MBH12 (1K43),1K43,0.75,0.7,0.05,0.15,0.5,0.25,4.445673616136651,5.104207065848606,0.658533449711955
MBH12,MBH12 (1K43),1K43,0.75,0.7,0.05,0.15,0.5,0.25,4.445673616136651,5.104207065848606,0.658533449711955
MBH12,MBH12 (1K43),1K43,0.75,0.7,0.05,0.15,0.5,0.25,4.445673616136651,5.104207065848606,0.658533449711955
MBH12,MBH12 (1K43),1K43,0.75,0.7,0.05,0.15,0.5,0.25,4.445673616136651,5.104207065848606,0.658533449711955
MBH12,MBH12 (1K43),1K43,0.75,0.7,0.05,0.15,0.5,0.25,4.445673616136651,5.104207065848606,0.658533449711955
MBH12,MBH12 (1K43),1K43,0.75,0.7,0.05,0.15,0.5,0.25,4.445673616136651,5.104207065848606,0.658533449711955
MBH12,MBH12 (1K43),1K43,0.75,0.8,0.05,0.1,0.5,0.25,4.445673616136651,5.104207065848606,0.658533449711955
MBH12,MBH12 (1K43),1K43,0.75,0.8,0.05,0.1,0.5,0.25,4.445673616136651,5.104207065848606,0.658533449711955
MBH12,MBH12 (1K43),1K43,0.75,0.8,0.05,0.1,0.5,0.25,4.445673616136651,5.104207065848606,0.658533449711955
MBH12,MBH12 (1K43),1K43,0.75,0.8,0.05,0.1,0.5,0.25,4.445673616136651,5.104207065848606,0.658533449711955
MBH12,MBH12 (1K43),1K43,0.75,0.8,0.05,0.1,0.5,0.25,4.445673616136651,5.104207065848606,0.658533449711955
MBH12,MBH12 (1K43),1K43,0.75,0.8,0.05,0.1,0.5,0.25,4.445673616136651,5.104207065848606,0.658533449711955
MBH12,MBH12 (1K43),1K43,0.75,0.8,0.05,0.15,0.5,0.25,4.445673616136651,5.104207065848606,0.658533449711955
MBH12,MBH12 (1K43),1K43,0.75,0.8,0.05,0.15,0.5,0.25,4.445673616136651,5.104207065848606,0.658533449711955
MBH12,MBH12 (1K43),1K43,0.75,0.8,0.05,0.15,0.5,0.25,4.445673616136651,5.104207065848606,0.658533449711955
MBH12,MBH12 (1K43),1K43,0.75,0.8,0.05,0.15,0.5,0.25,4.445673616136651,5.104207065848606,0.658533449711955
MBH12,MBH12 (1K43),1K43,0.75,0.8,0.05,0.15,0.5,0.25,4.445673616136651,5.104207065848606,0.658533449711955
MBH12,MBH12 (1K43),1K43,0.75,0.8,0.05,0.15,0.5,0.25,4.445673616136651,5.104207065848606,0.658533449711955
chignolin,chignolin (5AWL),5AWL,0.6,0.7,0.05,0.1,0.5,0.25,2.3732607156222296,3.4631321652513765,1.0898714496291468
chignolin,chignolin (5AWL),5AWL,0.6,0.7,0.05,0.1,0.5,0.25,2.3732607156222296,3.4631321652513765,1.0898714496291468
chignolin,chignolin (5AWL),5AWL,0.6,0.7,0.05,0.1,0.5,0.25,2.3732607156222296,3.4631321652513765,1.0898714496291468
chignolin,chignolin (5AWL),5AWL,0.6,0.7,0.05,0.1,0.5,0.25,2.3732607156222296,3.4631321652513765,1.0898714496291468
chignolin,chignolin (5AWL),5AWL,0.6,0.7,0.05,0.1,0.5,0.25,2.3732607156222296,3.4631321652513765,1.0898714496291468
chignolin,chignolin (5AWL),5AWL,0.6,0.7,0.05,0.1,0.5,0.25,2.3732607156222296,3.4631321652513765,1.0898714496291468
chignolin,chignolin (5AWL),5AWL,0.6,0.7,0.05,0.15,0.5,0.25,2.380134666222503,3.4631321652513765,1.0829974990288735
chignolin,chignolin (5AWL),5AWL,0.6,0.7,0.05,0.15,0.5,0.25,2.380134666222503,3.4631321652513765,1.0829974990288735
chignolin,chignolin (5AWL),5AWL,0.6,0.7,0.05,0.15,0.5,0.25,2.380134666222503,3.4631321652513765,1.0829974990288735
chignolin,chignolin (5AWL),5AWL,0.6,0.7,0.05,0.15,0.5,0.25,2.380134666222503,3.4631321652513765,1.0829974990288735
chignolin,chignolin (5AWL),5AWL,0.6,0.7,0.05,0.15,0.5,0.25,2.380134666222503,3.4631321652513765,1.0829974990288735
chignolin,chignolin (5AWL),5AWL,0.6,0.7,0.05,0.15,0.5,0.25,2.380134666222503,3.4631321652513765,1.0829974990288735
chignolin,chignolin (5AWL),5AWL,0.6,0.8,0.05,0.1,0.5,0.25,2.380134666222503,3.4631321652513765,1.0829974990288735
chignolin,chignolin (5AWL),5AWL,0.6,0.8,0.05,0.1,0.5,0.25,2.380134666222503,3.4631321652513765,1.0829974990288735
chignolin,chignolin (5AWL),5AWL,0.6,0.8,0.05,0.1,0.5,0.25,2.380134666222503,3.4631321652513765,1.0829974990288735
chignolin,chignolin (5AWL),5AWL,0.6,0.8,0.05,0.1,0.5,0.25,2.380134666222503,3.4631321652513765,1.0829974990288735
chignolin,chignolin (5AWL),5AWL,0.6,0.8,0.05,0.1,0.5,0.25,2.380134666222503,3.4631321652513765,1.0829974990288735
chignolin,chignolin (5AWL),5AWL,0.6,0.8,0.05,0.1,0.5,0.25,2.380134666222503,3.4631321652513765,1.0829974990288735
chignolin,chignolin (5AWL),5AWL,0.6,0.8,0.05,0.15,0.5,0.25,2.380134666222503,3.4631321652513765,1.0829974990288735
chignolin,chignolin (5AWL),5AWL,0.6,0.8,0.05,0.15,0.5,0.25,2.380134666222503,3.4631321652513765,1.0829974990288735
chignolin,chignolin (5AWL),5AWL,0.6,0.8,0.05,0.15,0.5,0.25,2.380134666222503,3.4631321652513765,1.0829974990288735
chignolin,chignolin (5AWL),5AWL,0.6,0.8,0.05,0.15,0.5,0.25,2.380134666222503,3.4631321652513765,1.0829974990288735
chignolin,chignolin (5AWL),5AWL,0.6,0.8,0.05,0.15,0.5,0.25,2.380134666222503,3.4631321652513765,1.0829974990288735
chignolin,chignolin (5AWL),5AWL,0.6,0.8,0.05,0.15,0.5,0.25,2.380134666222503,3.4631321652513765,1.0829974990288735
chignolin,chignolin (5AWL),5AWL,0.75,0.7,0.05,0.1,0.5,0.25,2.3263144857964804,3.4631321652513765,1.136817679454896
chignolin,chignolin (5AWL),5AWL,0.75,0.7,0.05,0.1,0.5,0.25,2.3263144857964804,3.4631321652513765,1.136817679454896
chignolin,chignolin (5AWL),5AWL,0.75,0.7,0.05,0.1,0.5,0.25,2.3263144857964804,3.4631321652513765,1.136817679454896
chignolin,chignolin (5AWL),5AWL,0.75,0.7,0.05,0.1,0.5,0.25,2.3263144857964804,3.4631321652513765,1.136817679454896
chignolin,chignolin (5AWL),5AWL,0.75,0.7,0.05,0.1,0.5,0.25,2.3263144857964804,3.4631321652513765,1.136817679454896
chignolin,chignolin (5AWL),5AWL,0.75,0.7,0.05,0.1,0.5,0.25,2.3263144857964804,3.4631321652513765,1.136817679454896
chignolin,chignolin (5AWL),5AWL,0.75,0.7,0.05,0.15,0.5,0.25,2.3263144857964804,3.4631321652513765,1.136817679454896
chignolin,chignolin (5AWL),5AWL,0.75,0.7,0.05,0.15,0.5,0.25,2.3263144857964804,3.4631321652513765,1.136817679454896
chignolin,chignolin (5AWL),5AWL,0.75,0.7,0.05,0.15,0.5,0.25,2.3263144857964804,3.4631321652513765,1.136817679454896
chignolin,chignolin (5AWL),5AWL,0.75,0.7,0.05,0.15,0.5,0.25,2.3263144857964804,3.4631321652513765,1.136817679454896
chignolin,chignolin (5AWL),5AWL,0.75,0.7,0.05,0.15,0.5,0.25,2.3263144857964804,3.4631321652513765,1.136817679454896
chignolin,chignolin (5AWL),5AWL,0.75,0.7,0.05,0.15,0.5,0.25,2.3263144857964804,3.4631321652513765,1.136817679454896
chignolin,chignolin (5AWL),5AWL,0.75,0.8,0.05,0.1,0.5,0.25,2.3263144857964804,3.4631321652513765,1.136817679454896
chignolin,chignolin (5AWL),5AWL,0.75,0.8,0.05,0.1,0.5,0.25,2.3263144857964804,3.4631321652513765,1.136817679454896
chignolin,chignolin (5AWL),5AWL,0.75,0.8,0.05,0.1,0.5,0.25,2.3263144857964804,3.4631321652513765,1.136817679454896
chignolin,chignolin (5AWL),5AWL,0.75,0.8,0.05,0.1,0.5,0.25,2.3263144857964804,3.4631321652513765,1.136817679454896
chignolin,chignolin (5AWL),5AWL,0.75,0.8,0.05,0.1,0.5,0.25,2.3263144857964804,3.4631321652513765,1.136817679454896
chignolin,chignolin (5AWL),5AWL,0.75,0.8,0.05,0.1,0.5,0.25,2.3263144857964804,3.4631321652513765,1.136817679454896
chignolin,chignolin (5AWL),5AWL,0.75,0.8,0.05,0.15,0.5,0.25,2.3263144857964804,3.4631321652513765,1.136817679454896
chignolin,chignolin (5AWL),5AWL,0.75,0.8,0.05,0.15,0.5,0.25,2.3263144857964804,3.4631321652513765,1.136817679454896
chignolin,chignolin (5AWL),5AWL,0.75,0.8,0.05,0.15,0.5,0.25,2.3263144857964804,3.4631321652513765,1.136817679454896
chignolin,chignolin (5AWL),5AWL,0.75,0.8,0.05,0.15,0.5,0.25,2.3263144857964804,3.4631321652513765,1.136817679454896
chignolin,chignolin (5AWL),5AWL,0.75,0.8,0.05,0.15,0.5,0.25,2.3263144857964804,3.4631321652513765,1.136817679454896
chignolin,chignolin (5AWL),5AWL,0.75,0.8,0.05,0.15,0.5,0.25,2.3263144857964804,3.4631321652513765,1.136817679454896
trp_cage,trp_cage (2JOF),2JOF,0.6,0.7,0.05,0.1,0.5,0.25,4.962152114723566,5.320803520526622,0.3586514058030561
trp_cage,trp_cage (2JOF),2JOF,0.6,0.7,0.05,0.1,0.5,0.25,4.962152114723566,5.320803520526622,0.3586514058030561
trp_cage,trp_cage (2JOF),2JOF,0.6,0.7,0.05,0.1,0.5,0.25,4.962152114723566,5.320803520526622,0.3586514058030561
trp_cage,trp_cage (2JOF),2JOF,0.6,0.7,0.05,0.1,0.5,0.25,4.962152114723566,5.320803520526622,0.3586514058030561
trp_cage,trp_cage (2JOF),2JOF,0.6,0.7,0.05,0.1,0.5,0.25,4.962152114723566,5.320803520526622,0.3586514058030561
trp_cage,trp_cage (2JOF),2JOF,0.6,0.7,0.05,0.1,0.5,0.25,4.962152114723566,5.320803520526622,0.3586514058030561
trp_cage,trp_cage (2JOF),2JOF,0.6,0.7,0.05,0.15,0.5,0.25,4.962152114723566,5.320803520526622,0.3586514058030561
trp_cage,trp_cage (2JOF),2JOF,0.6,0.7,0.05,0.15,0.5,0.25,4.962152114723566,5.320803520526622,0.3586514058030561
trp_cage,trp_cage (2JOF),2JOF,0.6,0.7,0.05,0.15,0.5,0.25,4.962152114723566,5.320803520526622,0.3586514058030561
trp_cage,trp_cage (2JOF),2JOF,0.6,0.7,0.05,0.15,0.5,0.25,4.962152114723566,5.320803520526622,0.3586514058030561
trp_cage,trp_cage (2JOF),2JOF,0.6,0.7,0.05,0.15,0.5,0.25,4.962152114723566,5.320803520526622,0.3586514058030561
trp_cage,trp_cage (2JOF),2JOF,0.6,0.7,0.05,0.15,0.5,0.25,4.962152114723566,5.320803520526622,0.3586514058030561
trp_cage,trp_cage (2JOF),2JOF,0.6,0.8,0.05,0.1,0.5,0.25,5.230738332484648,5.758365928448135,0.5276275959634864
trp_cage,trp_cage (2JOF),2JOF,0.6,0.8,0.05,0.1,0.5,0.25,5.230738332484648,5.758365928448135,0.5276275959634864
trp_cage,trp_cage (2JOF),2JOF,0.6,0.8,0.05,0.1,0.5,0.25,5.230738332484648,5.758365928448135,0.5276275959634864
trp_cage,trp_cage (2JOF),2JOF,0.6,0.8,0.05,0.1,0.5,0.25,5.230738332484648,5.758365928448135,0.5276275959634864
trp_cage,trp_cage (2JOF),2JOF,0.6,0.8,0.05,0.1,0.5,0.25,5.230738332484648,5.758365928448135,0.5276275959634864
trp_cage,trp_cage (2JOF),2JOF,0.6,0.8,0.05,0.1,0.5,0.25,5.230738332484648,5.758365928448135,0.5276275959634864
trp_cage,trp_cage (2JOF),2JOF,0.6,0.8,0.05,0.15,0.5,0.25,4.933994548653247,5.758365928448135,0.8243713797948882
trp_cage,trp_cage (2JOF),2JOF,0.6,0.8,0.05,0.15,0.5,0.25,4.933994548653247,5.758365928448135,0.8243713797948882
trp_cage,trp_cage (2JOF),2JOF,0.6,0.8,0.05,0.15,0.5,0.25,4.933994548653247,5.758365928448135,0.8243713797948882
trp_cage,trp_cage (2JOF),2JOF,0.6,0.8,0.05,0.15,0.5,0.25,4.933994548653247,5.758365928448135,0.8243713797948882
trp_cage,trp_cage (2JOF),2JOF,0.6,0.8,0.05,0.15,0.5,0.25,4.933994548653247,5.758365928448135,0.8243713797948882
trp_cage,trp_cage (2JOF),2JOF,0.6,0.8,0.05,0.15,0.5,0.25,4.933994548653247,5.758365928448135,0.8243713797948882
trp_cage,trp_cage (2JOF),2JOF,0.75,0.7,0.05,0.1,0.5,0.25,4.93445196724529,6.037267746631834,1.1028157793865434
trp_cage,trp_cage (2JOF),2JOF,0.75,0.7,0.05,0.1,0.5,0.25,4.93445196724529,6.037267746631834,1.1028157793865434
trp_cage,trp_cage (2JOF),2JOF,0.75,0.7,0.05,0.1,0.5,0.25,4.93445196724529,6.037267746631834,1.1028157793865434
trp_cage,trp_cage (2JOF),2JOF,0.75,0.7,0.05,0.1,0.5,0.25,4.93445196724529,6.037267746631834,1.1028157793865434
trp_cage,trp_cage (2JOF),2JOF,0.75,0.7,0.05,0.1,0.5,0.25,4.93445196724529,6.037267746631834,1.1028157793865434
trp_cage,trp_cage (2JOF),2JOF,0.75,0.7,0.05,0.1,0.5,0.25,4.93445196724529,6.037267746631834,1.1028157793865434
trp_cage,trp_cage (2JOF),2JOF,0.75,0.7,0.05,0.15,0.5,0.25,4.936223284416188,6.037267746631834,1.1010444622156452
trp_cage,trp_cage (2JOF),2JOF,0.75,0.7,0.05,0.15,0.5,0.25,4.936223284416188,6.037267746631834,1.1010444622156452
trp_cage,trp_cage (2JOF),2JOF,0.75,0.7,0.05,0.15,0.5,0.25,4.936223284416188,6.037267746631834,1.1010444622156452
trp_cage,trp_cage (2JOF),2JOF,0.75,0.7,0.05,0.15,0.5,0.25,4.936223284416188,6.037267746631834,1.1010444622156452
trp_cage,trp_cage (2JOF),2JOF,0.75,0.7,0.05,0.15,0.5,0.25,4.936223284416188,6.037267746631834,1.1010444622156452
trp_cage,trp_cage (2JOF),2JOF,0.75,0.7,0.05,0.15,0.5,0.25,4.936223284416188,6.037267746631834,1.1010444622156452
trp_cage,trp_cage (2JOF),2JOF,0.75,0.8,0.05,0.1,0.5,0.25,4.93445196724529,5.320803520526622,0.3863515532813322
trp_cage,trp_cage (2JOF),2JOF,0.75,0.8,0.05,0.1,0.5,0.25,4.93445196724529,5.320803520526622,0.3863515532813322
trp_cage,trp_cage (2JOF),2JOF,0.75,0.8,0.05,0.1,0.5,0.25,4.93445196724529,5.320803520526622,0.3863515532813322
trp_cage,trp_cage (2JOF),2JOF,0.75,0.8,0.05,0.1,0.5,0.25,4.93445196724529,5.320803520526622,0.3863515532813322
trp_cage,trp_cage (2JOF),2JOF,0.75,0.8,0.05,0.1,0.5,0.25,4.93445196724529,5.320803520526622,0.3863515532813322
trp_cage,trp_cage (2JOF),2JOF,0.75,0.8,0.05,0.1,0.5,0.25,4.93445196724529,5.320803520526622,0.3863515532813322
trp_cage,trp_cage (2JOF),2JOF,0.75,0.8,0.05,0.15,0.5,0.25,4.93445196724529,6.037267746631834,1.1028157793865434
trp_cage,trp_cage (2JOF),2JOF,0.75,0.8,0.05,0.15,0.5,0.25,4.93445196724529,6.037267746631834,1.1028157793865434
trp_cage,trp_cage (2JOF),2JOF,0.75,0.8,0.05,0.15,0.5,0.25,4.93445196724529,6.037267746631834,1.1028157793865434
trp_cage,trp_cage (2JOF),2JOF,0.75,0.8,0.05,0.15,0.5,0.25,4.93445196724529,6.037267746631834,1.1028157793865434
trp_cage,trp_cage (2JOF),2JOF,0.75,0.8,0.05,0.15,0.5,0.25,4.93445196724529,6.037267746631834,1.1028157793865434
trp_cage,trp_cage (2JOF),2JOF,0.75,0.8,0.05,0.15,0.5,0.25,4.93445196724529,6.037267746631834,1.1028157793865434
