protein_name,best_rmsd,best_energy_rmsd,ranking_gap_A
MBH12,4.445673616136651,5.104207065848606,0.658533449711955
MBH12,4.445673616136651,5.104207065848606,0.658533449711955
MBH12,4.447439337966653,4.576702465188334,0.1292631272216811
MBH12,4.447439337966653,5.049120620763196,0.6016812827965428
MBH12,4.445673616136651,5.104207065848606,0.658533449711955
MBH12,4.445673616136651,5.104207065848606,0.658533449711955
MBH12,4.447439337966653,4.576702465188334,0.1292631272216811
MBH12,4.447439337966653,4.576702465188334,0.1292631272216811
MBH12,4.445673616136651,5.104207065848606,0.658533449711955
MBH12,4.445673616136651,5.104207065848606,0.658533449711955
MBH12,4.447439337966653,4.606301826506934,0.15886248854028118
MBH12,4.283192313718733,5.049120620763196,0.7659283070444625
MBH12,4.445673616136651,5.6602780280566485,1.2146044119199972
MBH12,4.445673616136651,5.6602780280566485,1.2146044119199972
MBH12,4.445673616136651,5.024228060464309,0.5785544443276578
MBH12,4.445673616136651,5.024228060464309,0.5785544443276578
MBH12,4.445673616136651,5.104207065848606,0.658533449711955
MBH12,4.445673616136651,5.104207065848606,0.658533449711955
MBH12,4.445673616136651,4.576702465188334,0.13102884905168288
MBH12,4.445673616136651,4.576702465188334,0.13102884905168288
MBH12,4.445673616136651,5.104207065848606,0.658533449711955
MBH12,4.445673616136651,5.104207065848606,0.658533449711955
MBH12,4.445673616136651,4.576702465188334,0.13102884905168288
MBH12,4.445673616136651,4.576702465188334,0.13102884905168288
MBH12,4.445673616136651,5.630360639398049,1.1846870232613975
MBH12,4.445673616136651,5.630360639398049,1.1846870232613975
MBH12,4.8531262871186,4.8531262871186,0.0
MBH12,4.8531262871186,4.8531262871186,0.0
MBH12,4.445673616136651,5.104207065848606,0.658533449711955
MBH12,4.445673616136651,5.630360639398049,1.1846870232613975
MBH12,4.445673616136651,5.703674399458206,1.2580007833215552
MBH12,4.445673616136651,5.703674399458206,1.2580007833215552
MBH12,3.90049236800513,5.955463893322904,2.0549715253177734
MBH12,3.90049236800513,5.955463893322904,2.0549715253177734
MBH12,4.4803235027367485,5.5227394457276135,1.042415942990865
MBH12,4.4803235027367485,5.5227394457276135,1.042415942990865
chignolin,2.3263144857964804,3.4631321652513765,1.136817679454896
chignolin,2.3263144857964804,3.4631321652513765,1.136817679454896
chignolin,2.3263144857964804,2.386197018445645,0.059882532649164766
chignolin,2.3263144857964804,3.4631321652513765,1.136817679454896
chignolin,2.3732607156222296,3.4631321652513765,1.0898714496291468
chignolin,2.380134666222503,3.4631321652513765,1.0829974990288735
chignolin,2.293620962121412,3.4631321652513765,1.1695112031299644
chignolin,2.293620962121412,3.4631321652513765,1.1695112031299644
chignolin,2.380134666222503,3.4631321652513765,1.0829974990288735
chignolin,2.380134666222503,3.4631321652513765,1.0829974990288735
chignolin,2.3047114394469914,3.4631321652513765,1.158420725804385
chignolin,2.293620962121412,3.4631321652513765,1.1695112031299644
chignolin,2.3263144857964804,3.4631321652513765,1.136817679454896
chignolin,2.3263144857964804,3.740890318354912,1.4145758325584317
chignolin,2.3263144857964804,2.386197018445645,0.059882532649164766
chignolin,2.3263144857964804,2.386197018445645,0.059882532649164766
chignolin,2.3263144857964804,3.4631321652513765,1.136817679454896
chignolin,2.3263144857964804,3.4631321652513765,1.136817679454896
chignolin,2.293620962121412,3.4631321652513765,1.1695112031299644
chignolin,2.293620962121412,3.4631321652513765,1.1695112031299644
chignolin,2.3263144857964804,3.4631321652513765,1.136817679454896
chignolin,2.3263144857964804,3.4631321652513765,1.136817679454896
chignolin,2.293620962121412,3.4631321652513765,1.1695112031299644
chignolin,2.293620962121412,3.4631321652513765,1.1695112031299644
chignolin,2.3263144857964804,3.4631321652513765,1.136817679454896
chignolin,2.3263144857964804,3.4631321652513765,1.136817679454896
chignolin,2.3263144857964804,2.386197018445645,0.059882532649164766
chignolin,2.3263144857964804,4.096578258067133,1.7702637722706527
chignolin,2.293620962121412,3.4631321652513765,1.1695112031299644
chignolin,2.3047114394469914,3.740890318354912,1.4361788789079206
chignolin,2.3263144857964804,3.4631321652513765,1.136817679454896
chignolin,2.3263144857964804,4.096578258067133,1.7702637722706527
chignolin,2.293620962121412,3.4631321652513765,1.1695112031299644
chignolin,2.3047114394469914,3.740890318354912,1.4361788789079206
chignolin,2.293620962121412,3.4631321652513765,1.1695112031299644
chignolin,2.293620962121412,3.4631321652513765,1.1695112031299644
trp_cage,4.994861850431117,5.928867101183,0.9340052507518832
trp_cage,4.962152114723566,5.320803520526622,0.3586514058030561
trp_cage,4.623105604504879,5.595114630801647,0.9720090262967682
trp_cage,4.623105604504879,5.595114630801647,0.9720090262967682
trp_cage,4.962152114723566,5.320803520526622,0.3586514058030561
trp_cage,4.962152114723566,5.320803520526622,0.3586514058030561
trp_cage,5.474905797910411,6.450256464358751,0.9753506664483398
trp_cage,5.474905797910411,6.450256464358751,0.9753506664483398
trp_cage,5.230738332484648,5.758365928448135,0.5276275959634864
trp_cage,4.933994548653247,5.758365928448135,0.8243713797948882
trp_cage,5.3148262562655,5.757465215813399,0.44263895954789856
trp_cage,5.3148262562655,5.757465215813399,0.44263895954789856
trp_cage,4.995629024931526,6.037267746631834,1.0416387217003074
trp_cage,4.995629024931526,6.037267746631834,1.0416387217003074
trp_cage,4.623105604504879,5.595114630801647,0.9720090262967682
trp_cage,4.623105604504879,5.595114630801647,0.9720090262967682
trp_cage,4.962152114723566,6.037267746631834,1.0751156319082673
trp_cage,4.936223284416188,6.037267746631834,1.1010444622156452
trp_cage,4.623105604504879,4.84180093020458,0.2186953256997013
trp_cage,4.804995983955134,5.278803376946106,0.4738073929909721
trp_cage,4.93445196724529,5.320803520526622,0.3863515532813322
trp_cage,4.93445196724529,6.037267746631834,1.1028157793865434
trp_cage,4.709041464827881,6.310146169778433,1.6011047049505516
trp_cage,4.709041464827881,6.310146169778433,1.6011047049505516
trp_cage,4.786093003690777,5.377874065961522,0.5917810622707451
trp_cage,4.786093003690777,5.478576771770137,0.6924837680793603
trp_cage,5.024480445759777,5.287697969968925,0.2632175242091481
trp_cage,5.024480445759777,5.287697969968925,0.2632175242091481
trp_cage,4.786093003690777,5.478576771770137,0.6924837680793603
trp_cage,4.786093003690777,5.478576771770137,0.6924837680793603
trp_cage,5.024480445759777,5.287697969968925,0.2632175242091481
trp_cage,5.024480445759777,5.287697969968925,0.2632175242091481
trp_cage,4.786093003690777,5.478576771770137,0.6924837680793603
trp_cage,4.786093003690777,5.478576771770137,0.6924837680793603
trp_cage,5.024480445759777,5.287697969968925,0.2632175242091481
trp_cage,5.022308792690602,5.287697969968925,0.26538917727832345
