protein_name,reference_pdb_id,reference_pdb_path,experiment_id,name,pdb_path,chain,residue_start,residue_end,sequence,forcefield,chi_mode,hbond_scale,sasa_scale,vdw_rep_scale,vdw_attr_scale,n_residues,total_energy,native_end_to_end,native_rg,rebuilt_end_to_end,rebuilt_rg,rebuilt_vs_native_ca_rmsd,n_observed_torsions,n_qtf_angles,term_constraint,term_sasa,term_hbond,term_hbond_raw,term_electrostatics,term_disulfide,term_vdw_repulsion,term_vdw_attractive,term_rotamer,term_pi_stacking,term_rama,term_geometry,term_geom_pro_ring,term_geom_chirality,term_geom_planarity,term_burial_mean,term_burial_min,term_burial_max,term_neighbor_mean,term_neighbor_min,term_neighbor_max,term_total,source_file,run_dir,protein_label
MBH12,1K43,/home/raubenb/gitrepos/QTF/1K43.pdb,MBH12_ff-amber_chi-selective_hb-0.6_sasa-0.6_vdwr-0.05_vdwa-0.1,MBH12,/home/raubenb/gitrepos/QTF/1K43.pdb,A,1,14,RGKWTYNGITYEGR,amber,selective,0.6,0.6,0.05,0.1,14,154.93966862066543,6.053646087646484,6.613679885864258,5.378514054161915,6.475586512579639,0.2503233328232777,55,42,0.0737941751808706,160.76446290592165,-57.58001924145795,-95.96669873576325,27.111345221731654,0.0,44.13774316959724,-9.57601456343193,-7.373525172507559,0.0,-2.6181178743685267,0.0,0.0,0.0,0.0,0.8676835696247557,0.3345405279948497,1.0,36.14556653629493,11.708918479819738,52.0965467871853,154.93966862066543,grid_runs/MBH12_ff-amber_chi-selective_hb-0.6_sasa-0.6_vdwr-0.05_vdwa-0.1/native/MBH12_native_score.csv,grid_runs/MBH12_ff-amber_chi-selective_hb-0.6_sasa-0.6_vdwr-0.05_vdwa-0.1/native,MBH12 (1K43)
MBH12,1K43,/home/raubenb/gitrepos/QTF/1K43.pdb,MBH12_ff-amber_chi-selective_hb-0.6_sasa-0.6_vdwr-0.05_vdwa-0.15,MBH12,/home/raubenb/gitrepos/QTF/1K43.pdb,A,1,14,RGKWTYNGITYEGR,amber,selective,0.6,0.6,0.05,0.15,14,150.15166133894945,6.053646087646484,6.613679885864258,5.378514054161915,6.475586512579639,0.2503233328232777,55,42,0.0737941751808706,160.76446290592165,-57.58001924145795,-95.96669873576325,27.111345221731654,0.0,44.13774316959724,-14.364021845147896,-7.373525172507559,0.0,-2.6181178743685267,0.0,0.0,0.0,0.0,0.8676835696247557,0.3345405279948497,1.0,36.14556653629493,11.708918479819738,52.0965467871853,150.15166133894945,grid_runs/MBH12_ff-amber_chi-selective_hb-0.6_sasa-0.6_vdwr-0.05_vdwa-0.15/native/MBH12_native_score.csv,grid_runs/MBH12_ff-amber_chi-selective_hb-0.6_sasa-0.6_vdwr-0.05_vdwa-0.15/native,MBH12 (1K43)
MBH12,1K43,/home/raubenb/gitrepos/QTF/1K43.pdb,MBH12_ff-amber_chi-selective_hb-0.6_sasa-0.6_vdwr-0.1_vdwa-0.1,MBH12,/home/raubenb/gitrepos/QTF/1K43.pdb,A,1,14,RGKWTYNGITYEGR,amber,selective,0.6,0.6,0.1,0.1,14,199.07741179026263,6.053646087646484,6.613679885864258,5.378514054161915,6.475586512579639,0.2503233328232777,55,42,0.0737941751808706,160.76446290592165,-57.58001924145795,-95.96669873576325,27.111345221731654,0.0,88.27548633919447,-9.57601456343193,-7.373525172507559,0.0,-2.6181178743685267,0.0,0.0,0.0,0.0,0.8676835696247557,0.3345405279948497,1.0,36.14556653629493,11.708918479819738,52.0965467871853,199.07741179026263,grid_runs/MBH12_ff-amber_chi-selective_hb-0.6_sasa-0.6_vdwr-0.1_vdwa-0.1/native/MBH12_native_score.csv,grid_runs/MBH12_ff-amber_chi-selective_hb-0.6_sasa-0.6_vdwr-0.1_vdwa-0.1/native,MBH12 (1K43)
MBH12,1K43,/home/raubenb/gitrepos/QTF/1K43.pdb,MBH12_ff-amber_chi-selective_hb-0.6_sasa-0.6_vdwr-0.1_vdwa-0.15,MBH12,/home/raubenb/gitrepos/QTF/1K43.pdb,A,1,14,RGKWTYNGITYEGR,amber,selective,0.6,0.6,0.1,0.15,14,194.28940450854668,6.053646087646484,6.613679885864258,5.378514054161915,6.475586512579639,0.2503233328232777,55,42,0.0737941751808706,160.76446290592165,-57.58001924145795,-95.96669873576325,27.111345221731654,0.0,88.27548633919447,-14.364021845147896,-7.373525172507559,0.0,-2.6181178743685267,0.0,0.0,0.0,0.0,0.8676835696247557,0.3345405279948497,1.0,36.14556653629493,11.708918479819738,52.0965467871853,194.28940450854668,grid_runs/MBH12_ff-amber_chi-selective_hb-0.6_sasa-0.6_vdwr-0.1_vdwa-0.15/native/MBH12_native_score.csv,grid_runs/MBH12_ff-amber_chi-selective_hb-0.6_sasa-0.6_vdwr-0.1_vdwa-0.15/native,MBH12 (1K43)
MBH12,1K43,/home/raubenb/gitrepos/QTF/1K43.pdb,MBH12_ff-amber_chi-selective_hb-0.6_sasa-0.7_vdwr-0.05_vdwa-0.1,MBH12,/home/raubenb/gitrepos/QTF/1K43.pdb,A,1,14,RGKWTYNGITYEGR,amber,selective,0.6,0.7,0.05,0.1,14,181.7337457716524,6.053646087646484,6.613679885864258,5.378514054161915,6.475586512579639,0.2503233328232777,55,42,0.0737941751808706,187.55854005690856,-57.58001924145795,-95.96669873576325,27.111345221731654,0.0,44.13774316959724,-9.57601456343193,-7.373525172507559,0.0,-2.6181178743685267,0.0,0.0,0.0,0.0,0.8676835696247557,0.3345405279948497,1.0,36.14556653629493,11.708918479819738,52.0965467871853,181.7337457716524,grid_runs/MBH12_ff-amber_chi-selective_hb-0.6_sasa-0.7_vdwr-0.05_vdwa-0.1/native/MBH12_native_score.csv,grid_runs/MBH12_ff-amber_chi-selective_hb-0.6_sasa-0.7_vdwr-0.05_vdwa-0.1/native,MBH12 (1K43)
MBH12,1K43,/home/raubenb/gitrepos/QTF/1K43.pdb,MBH12_ff-amber_chi-selective_hb-0.6_sasa-0.7_vdwr-0.05_vdwa-0.15,MBH12,/home/raubenb/gitrepos/QTF/1K43.pdb,A,1,14,RGKWTYNGITYEGR,amber,selective,0.6,0.7,0.05,0.15,14,176.9457384899364,6.053646087646484,6.613679885864258,5.378514054161915,6.475586512579639,0.2503233328232777,55,42,0.0737941751808706,187.55854005690856,-57.58001924145795,-95.96669873576325,27.111345221731654,0.0,44.13774316959724,-14.364021845147896,-7.373525172507559,0.0,-2.6181178743685267,0.0,0.0,0.0,0.0,0.8676835696247557,0.3345405279948497,1.0,36.14556653629493,11.708918479819738,52.0965467871853,176.9457384899364,grid_runs/MBH12_ff-amber_chi-selective_hb-0.6_sasa-0.7_vdwr-0.05_vdwa-0.15/native/MBH12_native_score.csv,grid_runs/MBH12_ff-amber_chi-selective_hb-0.6_sasa-0.7_vdwr-0.05_vdwa-0.15/native,MBH12 (1K43)
MBH12,1K43,/home/raubenb/gitrepos/QTF/1K43.pdb,MBH12_ff-amber_chi-selective_hb-0.6_sasa-0.7_vdwr-0.1_vdwa-0.1,MBH12,/home/raubenb/gitrepos/QTF/1K43.pdb,A,1,14,RGKWTYNGITYEGR,amber,selective,0.6,0.7,0.1,0.1,14,225.8714889412496,6.053646087646484,6.613679885864258,5.378514054161915,6.475586512579639,0.2503233328232777,55,42,0.0737941751808706,187.55854005690856,-57.58001924145795,-95.96669873576325,27.111345221731654,0.0,88.27548633919447,-9.57601456343193,-7.373525172507559,0.0,-2.6181178743685267,0.0,0.0,0.0,0.0,0.8676835696247557,0.3345405279948497,1.0,36.14556653629493,11.708918479819738,52.0965467871853,225.8714889412496,grid_runs/MBH12_ff-amber_chi-selective_hb-0.6_sasa-0.7_vdwr-0.1_vdwa-0.1/native/MBH12_native_score.csv,grid_runs/MBH12_ff-amber_chi-selective_hb-0.6_sasa-0.7_vdwr-0.1_vdwa-0.1/native,MBH12 (1K43)
MBH12,1K43,/home/raubenb/gitrepos/QTF/1K43.pdb,MBH12_ff-amber_chi-selective_hb-0.6_sasa-0.7_vdwr-0.1_vdwa-0.15,MBH12,/home/raubenb/gitrepos/QTF/1K43.pdb,A,1,14,RGKWTYNGITYEGR,amber,selective,0.6,0.7,0.1,0.15,14,221.0834816595336,6.053646087646484,6.613679885864258,5.378514054161915,6.475586512579639,0.2503233328232777,55,42,0.0737941751808706,187.55854005690856,-57.58001924145795,-95.96669873576325,27.111345221731654,0.0,88.27548633919447,-14.364021845147896,-7.373525172507559,0.0,-2.6181178743685267,0.0,0.0,0.0,0.0,0.8676835696247557,0.3345405279948497,1.0,36.14556653629493,11.708918479819738,52.0965467871853,221.0834816595336,grid_runs/MBH12_ff-amber_chi-selective_hb-0.6_sasa-0.7_vdwr-0.1_vdwa-0.15/native/MBH12_native_score.csv,grid_runs/MBH12_ff-amber_chi-selective_hb-0.6_sasa-0.7_vdwr-0.1_vdwa-0.15/native,MBH12 (1K43)
MBH12,1K43,/home/raubenb/gitrepos/QTF/1K43.pdb,MBH12_ff-amber_chi-selective_hb-0.6_sasa-0.8_vdwr-0.05_vdwa-0.1,MBH12,/home/raubenb/gitrepos/QTF/1K43.pdb,A,1,14,RGKWTYNGITYEGR,amber,selective,0.6,0.8,0.05,0.1,14,208.52782292263936,6.053646087646484,6.613679885864258,5.378514054161915,6.475586512579639,0.2503233328232777,55,42,0.0737941751808706,214.35261720789555,-57.58001924145795,-95.96669873576325,27.111345221731654,0.0,44.13774316959724,-9.57601456343193,-7.373525172507559,0.0,-2.6181178743685267,0.0,0.0,0.0,0.0,0.8676835696247557,0.3345405279948497,1.0,36.14556653629493,11.708918479819738,52.0965467871853,208.52782292263936,grid_runs/MBH12_ff-amber_chi-selective_hb-0.6_sasa-0.8_vdwr-0.05_vdwa-0.1/native/MBH12_native_score.csv,grid_runs/MBH12_ff-amber_chi-selective_hb-0.6_sasa-0.8_vdwr-0.05_vdwa-0.1/native,MBH12 (1K43)
MBH12,1K43,/home/raubenb/gitrepos/QTF/1K43.pdb,MBH12_ff-amber_chi-selective_hb-0.6_sasa-0.8_vdwr-0.05_vdwa-0.15,MBH12,/home/raubenb/gitrepos/QTF/1K43.pdb,A,1,14,RGKWTYNGITYEGR,amber,selective,0.6,0.8,0.05,0.15,14,203.73981564092335,6.053646087646484,6.613679885864258,5.378514054161915,6.475586512579639,0.2503233328232777,55,42,0.0737941751808706,214.35261720789555,-57.58001924145795,-95.96669873576325,27.111345221731654,0.0,44.13774316959724,-14.364021845147896,-7.373525172507559,0.0,-2.6181178743685267,0.0,0.0,0.0,0.0,0.8676835696247557,0.3345405279948497,1.0,36.14556653629493,11.708918479819738,52.0965467871853,203.73981564092335,grid_runs/MBH12_ff-amber_chi-selective_hb-0.6_sasa-0.8_vdwr-0.05_vdwa-0.15/native/MBH12_native_score.csv,grid_runs/MBH12_ff-amber_chi-selective_hb-0.6_sasa-0.8_vdwr-0.05_vdwa-0.15/native,MBH12 (1K43)
MBH12,1K43,/home/raubenb/gitrepos/QTF/1K43.pdb,MBH12_ff-amber_chi-selective_hb-0.6_sasa-0.8_vdwr-0.1_vdwa-0.1,MBH12,/home/raubenb/gitrepos/QTF/1K43.pdb,A,1,14,RGKWTYNGITYEGR,amber,selective,0.6,0.8,0.1,0.1,14,252.66556609223656,6.053646087646484,6.613679885864258,5.378514054161915,6.475586512579639,0.2503233328232777,55,42,0.0737941751808706,214.35261720789555,-57.58001924145795,-95.96669873576325,27.111345221731654,0.0,88.27548633919447,-9.57601456343193,-7.373525172507559,0.0,-2.6181178743685267,0.0,0.0,0.0,0.0,0.8676835696247557,0.3345405279948497,1.0,36.14556653629493,11.708918479819738,52.0965467871853,252.66556609223656,grid_runs/MBH12_ff-amber_chi-selective_hb-0.6_sasa-0.8_vdwr-0.1_vdwa-0.1/native/MBH12_native_score.csv,grid_runs/MBH12_ff-amber_chi-selective_hb-0.6_sasa-0.8_vdwr-0.1_vdwa-0.1/native,MBH12 (1K43)
MBH12,1K43,/home/raubenb/gitrepos/QTF/1K43.pdb,MBH12_ff-amber_chi-selective_hb-0.6_sasa-0.8_vdwr-0.1_vdwa-0.15,MBH12,/home/raubenb/gitrepos/QTF/1K43.pdb,A,1,14,RGKWTYNGITYEGR,amber,selective,0.6,0.8,0.1,0.15,14,247.87755881052064,6.053646087646484,6.613679885864258,5.378514054161915,6.475586512579639,0.2503233328232777,55,42,0.0737941751808706,214.35261720789555,-57.58001924145795,-95.96669873576325,27.111345221731654,0.0,88.27548633919447,-14.364021845147896,-7.373525172507559,0.0,-2.6181178743685267,0.0,0.0,0.0,0.0,0.8676835696247557,0.3345405279948497,1.0,36.14556653629493,11.708918479819738,52.0965467871853,247.87755881052064,grid_runs/MBH12_ff-amber_chi-selective_hb-0.6_sasa-0.8_vdwr-0.1_vdwa-0.15/native/MBH12_native_score.csv,grid_runs/MBH12_ff-amber_chi-selective_hb-0.6_sasa-0.8_vdwr-0.1_vdwa-0.15/native,MBH12 (1K43)
MBH12,1K43,/home/raubenb/gitrepos/QTF/1K43.pdb,MBH12_ff-amber_chi-selective_hb-0.75_sasa-0.6_vdwr-0.05_vdwa-0.1,MBH12,/home/raubenb/gitrepos/QTF/1K43.pdb,A,1,14,RGKWTYNGITYEGR,amber,selective,0.75,0.6,0.05,0.1,14,140.54466381030096,6.053646087646484,6.613679885864258,5.378514054161915,6.475586512579639,0.2503233328232777,55,42,0.0737941751808706,160.76446290592165,-71.97502405182243,-95.96669873576325,27.111345221731654,0.0,44.13774316959724,-9.57601456343193,-7.373525172507559,0.0,-2.6181178743685267,0.0,0.0,0.0,0.0,0.8676835696247557,0.3345405279948497,1.0,36.14556653629493,11.708918479819738,52.0965467871853,140.54466381030096,grid_runs/MBH12_ff-amber_chi-selective_hb-0.75_sasa-0.6_vdwr-0.05_vdwa-0.1/native/MBH12_native_score.csv,grid_runs/MBH12_ff-amber_chi-selective_hb-0.75_sasa-0.6_vdwr-0.05_vdwa-0.1/native,MBH12 (1K43)
MBH12,1K43,/home/raubenb/gitrepos/QTF/1K43.pdb,MBH12_ff-amber_chi-selective_hb-0.75_sasa-0.6_vdwr-0.05_vdwa-0.15,MBH12,/home/raubenb/gitrepos/QTF/1K43.pdb,A,1,14,RGKWTYNGITYEGR,amber,selective,0.75,0.6,0.05,0.15,14,135.75665652858498,6.053646087646484,6.613679885864258,5.378514054161915,6.475586512579639,0.2503233328232777,55,42,0.0737941751808706,160.76446290592165,-71.97502405182243,-95.96669873576325,27.111345221731654,0.0,44.13774316959724,-14.364021845147896,-7.373525172507559,0.0,-2.6181178743685267,0.0,0.0,0.0,0.0,0.8676835696247557,0.3345405279948497,1.0,36.14556653629493,11.708918479819738,52.0965467871853,135.75665652858498,grid_runs/MBH12_ff-amber_chi-selective_hb-0.75_sasa-0.6_vdwr-0.05_vdwa-0.15/native/MBH12_native_score.csv,grid_runs/MBH12_ff-amber_chi-selective_hb-0.75_sasa-0.6_vdwr-0.05_vdwa-0.15/native,MBH12 (1K43)
MBH12,1K43,/home/raubenb/gitrepos/QTF/1K43.pdb,MBH12_ff-amber_chi-selective_hb-0.75_sasa-0.6_vdwr-0.1_vdwa-0.1,MBH12,/home/raubenb/gitrepos/QTF/1K43.pdb,A,1,14,RGKWTYNGITYEGR,amber,selective,0.75,0.6,0.1,0.1,14,184.6824069798982,6.053646087646484,6.613679885864258,5.378514054161915,6.475586512579639,0.2503233328232777,55,42,0.0737941751808706,160.76446290592165,-71.97502405182243,-95.96669873576325,27.111345221731654,0.0,88.27548633919447,-9.57601456343193,-7.373525172507559,0.0,-2.6181178743685267,0.0,0.0,0.0,0.0,0.8676835696247557,0.3345405279948497,1.0,36.14556653629493,11.708918479819738,52.0965467871853,184.6824069798982,grid_runs/MBH12_ff-amber_chi-selective_hb-0.75_sasa-0.6_vdwr-0.1_vdwa-0.1/native/MBH12_native_score.csv,grid_runs/MBH12_ff-amber_chi-selective_hb-0.75_sasa-0.6_vdwr-0.1_vdwa-0.1/native,MBH12 (1K43)
MBH12,1K43,/home/raubenb/gitrepos/QTF/1K43.pdb,MBH12_ff-amber_chi-selective_hb-0.75_sasa-0.6_vdwr-0.1_vdwa-0.15,MBH12,/home/raubenb/gitrepos/QTF/1K43.pdb,A,1,14,RGKWTYNGITYEGR,amber,selective,0.75,0.6,0.1,0.15,14,179.8943996981822,6.053646087646484,6.613679885864258,5.378514054161915,6.475586512579639,0.2503233328232777,55,42,0.0737941751808706,160.76446290592165,-71.97502405182243,-95.96669873576325,27.111345221731654,0.0,88.27548633919447,-14.364021845147896,-7.373525172507559,0.0,-2.6181178743685267,0.0,0.0,0.0,0.0,0.8676835696247557,0.3345405279948497,1.0,36.14556653629493,11.708918479819738,52.0965467871853,179.8943996981822,grid_runs/MBH12_ff-amber_chi-selective_hb-0.75_sasa-0.6_vdwr-0.1_vdwa-0.15/native/MBH12_native_score.csv,grid_runs/MBH12_ff-amber_chi-selective_hb-0.75_sasa-0.6_vdwr-0.1_vdwa-0.15/native,MBH12 (1K43)
MBH12,1K43,/home/raubenb/gitrepos/QTF/1K43.pdb,MBH12_ff-amber_chi-selective_hb-0.75_sasa-0.7_vdwr-0.05_vdwa-0.1,MBH12,/home/raubenb/gitrepos/QTF/1K43.pdb,A,1,14,RGKWTYNGITYEGR,amber,selective,0.75,0.7,0.05,0.1,14,167.3387409612879,6.053646087646484,6.613679885864258,5.378514054161915,6.475586512579639,0.2503233328232777,55,42,0.0737941751808706,187.55854005690856,-71.97502405182243,-95.96669873576325,27.111345221731654,0.0,44.13774316959724,-9.57601456343193,-7.373525172507559,0.0,-2.6181178743685267,0.0,0.0,0.0,0.0,0.8676835696247557,0.3345405279948497,1.0,36.14556653629493,11.708918479819738,52.0965467871853,167.3387409612879,grid_runs/MBH12_ff-amber_chi-selective_hb-0.75_sasa-0.7_vdwr-0.05_vdwa-0.1/native/MBH12_native_score.csv,grid_runs/MBH12_ff-amber_chi-selective_hb-0.75_sasa-0.7_vdwr-0.05_vdwa-0.1/native,MBH12 (1K43)
MBH12,1K43,/home/raubenb/gitrepos/QTF/1K43.pdb,MBH12_ff-amber_chi-selective_hb-0.75_sasa-0.7_vdwr-0.05_vdwa-0.15,MBH12,/home/raubenb/gitrepos/QTF/1K43.pdb,A,1,14,RGKWTYNGITYEGR,amber,selective,0.75,0.7,0.05,0.15,14,162.55073367957192,6.053646087646484,6.613679885864258,5.378514054161915,6.475586512579639,0.2503233328232777,55,42,0.0737941751808706,187.55854005690856,-71.97502405182243,-95.96669873576325,27.111345221731654,0.0,44.13774316959724,-14.364021845147896,-7.373525172507559,0.0,-2.6181178743685267,0.0,0.0,0.0,0.0,0.8676835696247557,0.3345405279948497,1.0,36.14556653629493,11.708918479819738,52.0965467871853,162.55073367957192,grid_runs/MBH12_ff-amber_chi-selective_hb-0.75_sasa-0.7_vdwr-0.05_vdwa-0.15/native/MBH12_native_score.csv,grid_runs/MBH12_ff-amber_chi-selective_hb-0.75_sasa-0.7_vdwr-0.05_vdwa-0.15/native,MBH12 (1K43)
MBH12,1K43,/home/raubenb/gitrepos/QTF/1K43.pdb,MBH12_ff-amber_chi-selective_hb-0.75_sasa-0.7_vdwr-0.1_vdwa-0.1,MBH12,/home/raubenb/gitrepos/QTF/1K43.pdb,A,1,14,RGKWTYNGITYEGR,amber,selective,0.75,0.7,0.1,0.1,14,211.47648413088515,6.053646087646484,6.613679885864258,5.378514054161915,6.475586512579639,0.2503233328232777,55,42,0.0737941751808706,187.55854005690856,-71.97502405182243,-95.96669873576325,27.111345221731654,0.0,88.27548633919447,-9.57601456343193,-7.373525172507559,0.0,-2.6181178743685267,0.0,0.0,0.0,0.0,0.8676835696247557,0.3345405279948497,1.0,36.14556653629493,11.708918479819738,52.0965467871853,211.47648413088515,grid_runs/MBH12_ff-amber_chi-selective_hb-0.75_sasa-0.7_vdwr-0.1_vdwa-0.1/native/MBH12_native_score.csv,grid_runs/MBH12_ff-amber_chi-selective_hb-0.75_sasa-0.7_vdwr-0.1_vdwa-0.1/native,MBH12 (1K43)
MBH12,1K43,/home/raubenb/gitrepos/QTF/1K43.pdb,MBH12_ff-amber_chi-selective_hb-0.75_sasa-0.7_vdwr-0.1_vdwa-0.15,MBH12,/home/raubenb/gitrepos/QTF/1K43.pdb,A,1,14,RGKWTYNGITYEGR,amber,selective,0.75,0.7,0.1,0.15,14,206.68847684916915,6.053646087646484,6.613679885864258,5.378514054161915,6.475586512579639,0.2503233328232777,55,42,0.0737941751808706,187.55854005690856,-71.97502405182243,-95.96669873576325,27.111345221731654,0.0,88.27548633919447,-14.364021845147896,-7.373525172507559,0.0,-2.6181178743685267,0.0,0.0,0.0,0.0,0.8676835696247557,0.3345405279948497,1.0,36.14556653629493,11.708918479819738,52.0965467871853,206.68847684916915,grid_runs/MBH12_ff-amber_chi-selective_hb-0.75_sasa-0.7_vdwr-0.1_vdwa-0.15/native/MBH12_native_score.csv,grid_runs/MBH12_ff-amber_chi-selective_hb-0.75_sasa-0.7_vdwr-0.1_vdwa-0.15/native,MBH12 (1K43)
MBH12,1K43,/home/raubenb/gitrepos/QTF/1K43.pdb,MBH12_ff-amber_chi-selective_hb-0.75_sasa-0.8_vdwr-0.05_vdwa-0.1,MBH12,/home/raubenb/gitrepos/QTF/1K43.pdb,A,1,14,RGKWTYNGITYEGR,amber,selective,0.75,0.8,0.05,0.1,14,194.1328181122749,6.053646087646484,6.613679885864258,5.378514054161915,6.475586512579639,0.2503233328232777,55,42,0.0737941751808706,214.35261720789555,-71.97502405182243,-95.96669873576325,27.111345221731654,0.0,44.13774316959724,-9.57601456343193,-7.373525172507559,0.0,-2.6181178743685267,0.0,0.0,0.0,0.0,0.8676835696247557,0.3345405279948497,1.0,36.14556653629493,11.708918479819738,52.0965467871853,194.1328181122749,grid_runs/MBH12_ff-amber_chi-selective_hb-0.75_sasa-0.8_vdwr-0.05_vdwa-0.1/native/MBH12_native_score.csv,grid_runs/MBH12_ff-amber_chi-selective_hb-0.75_sasa-0.8_vdwr-0.05_vdwa-0.1/native,MBH12 (1K43)
MBH12,1K43,/home/raubenb/gitrepos/QTF/1K43.pdb,MBH12_ff-amber_chi-selective_hb-0.75_sasa-0.8_vdwr-0.05_vdwa-0.15,MBH12,/home/raubenb/gitrepos/QTF/1K43.pdb,A,1,14,RGKWTYNGITYEGR,amber,selective,0.75,0.8,0.05,0.15,14,189.34481083055888,6.053646087646484,6.613679885864258,5.378514054161915,6.475586512579639,0.2503233328232777,55,42,0.0737941751808706,214.35261720789555,-71.97502405182243,-95.96669873576325,27.111345221731654,0.0,44.13774316959724,-14.364021845147896,-7.373525172507559,0.0,-2.6181178743685267,0.0,0.0,0.0,0.0,0.8676835696247557,0.3345405279948497,1.0,36.14556653629493,11.708918479819738,52.0965467871853,189.34481083055888,grid_runs/MBH12_ff-amber_chi-selective_hb-0.75_sasa-0.8_vdwr-0.05_vdwa-0.15/native/MBH12_native_score.csv,grid_runs/MBH12_ff-amber_chi-selective_hb-0.75_sasa-0.8_vdwr-0.05_vdwa-0.15/native,MBH12 (1K43)
MBH12,1K43,/home/raubenb/gitrepos/QTF/1K43.pdb,MBH12_ff-amber_chi-selective_hb-0.75_sasa-0.8_vdwr-0.1_vdwa-0.1,MBH12,/home/raubenb/gitrepos/QTF/1K43.pdb,A,1,14,RGKWTYNGITYEGR,amber,selective,0.75,0.8,0.1,0.1,14,238.2705612818721,6.053646087646484,6.613679885864258,5.378514054161915,6.475586512579639,0.2503233328232777,55,42,0.0737941751808706,214.35261720789555,-71.97502405182243,-95.96669873576325,27.111345221731654,0.0,88.27548633919447,-9.57601456343193,-7.373525172507559,0.0,-2.6181178743685267,0.0,0.0,0.0,0.0,0.8676835696247557,0.3345405279948497,1.0,36.14556653629493,11.708918479819738,52.0965467871853,238.2705612818721,grid_runs/MBH12_ff-amber_chi-selective_hb-0.75_sasa-0.8_vdwr-0.1_vdwa-0.1/native/MBH12_native_score.csv,grid_runs/MBH12_ff-amber_chi-selective_hb-0.75_sasa-0.8_vdwr-0.1_vdwa-0.1/native,MBH12 (1K43)
MBH12,1K43,/home/raubenb/gitrepos/QTF/1K43.pdb,MBH12_ff-amber_chi-selective_hb-0.75_sasa-0.8_vdwr-0.1_vdwa-0.15,MBH12,/home/raubenb/gitrepos/QTF/1K43.pdb,A,1,14,RGKWTYNGITYEGR,amber,selective,0.75,0.8,0.1,0.15,14,233.4825540001561,6.053646087646484,6.613679885864258,5.378514054161915,6.475586512579639,0.2503233328232777,55,42,0.0737941751808706,214.35261720789555,-71.97502405182243,-95.96669873576325,27.111345221731654,0.0,88.27548633919447,-14.364021845147896,-7.373525172507559,0.0,-2.6181178743685267,0.0,0.0,0.0,0.0,0.8676835696247557,0.3345405279948497,1.0,36.14556653629493,11.708918479819738,52.0965467871853,233.4825540001561,grid_runs/MBH12_ff-amber_chi-selective_hb-0.75_sasa-0.8_vdwr-0.1_vdwa-0.15/native/MBH12_native_score.csv,grid_runs/MBH12_ff-amber_chi-selective_hb-0.75_sasa-0.8_vdwr-0.1_vdwa-0.15/native,MBH12 (1K43)
MBH12,1K43,/home/raubenb/gitrepos/QTF/1K43.pdb,MBH12_ff-amber_chi-selective_hb-1.0_sasa-0.6_vdwr-0.05_vdwa-0.1,MBH12,/home/raubenb/gitrepos/QTF/1K43.pdb,A,1,14,RGKWTYNGITYEGR,amber,selective,1.0,0.6,0.05,0.1,14,116.55298912636016,6.053646087646484,6.613679885864258,5.378514054161915,6.475586512579639,0.2503233328232777,55,42,0.0737941751808706,160.76446290592165,-95.96669873576325,-95.96669873576325,27.111345221731654,0.0,44.13774316959724,-9.57601456343193,-7.373525172507559,0.0,-2.6181178743685267,0.0,0.0,0.0,0.0,0.8676835696247557,0.3345405279948497,1.0,36.14556653629493,11.708918479819738,52.0965467871853,116.55298912636016,grid_runs/MBH12_ff-amber_chi-selective_hb-1.0_sasa-0.6_vdwr-0.05_vdwa-0.1/native/MBH12_native_score.csv,grid_runs/MBH12_ff-amber_chi-selective_hb-1.0_sasa-0.6_vdwr-0.05_vdwa-0.1/native,MBH12 (1K43)
MBH12,1K43,/home/raubenb/gitrepos/QTF/1K43.pdb,MBH12_ff-amber_chi-selective_hb-1.0_sasa-0.6_vdwr-0.05_vdwa-0.15,MBH12,/home/raubenb/gitrepos/QTF/1K43.pdb,A,1,14,RGKWTYNGITYEGR,amber,selective,1.0,0.6,0.05,0.15,14,111.76498184464418,6.053646087646484,6.613679885864258,5.378514054161915,6.475586512579639,0.2503233328232777,55,42,0.0737941751808706,160.76446290592165,-95.96669873576325,-95.96669873576325,27.111345221731654,0.0,44.13774316959724,-14.364021845147896,-7.373525172507559,0.0,-2.6181178743685267,0.0,0.0,0.0,0.0,0.8676835696247557,0.3345405279948497,1.0,36.14556653629493,11.708918479819738,52.0965467871853,111.76498184464418,grid_runs/MBH12_ff-amber_chi-selective_hb-1.0_sasa-0.6_vdwr-0.05_vdwa-0.15/native/MBH12_native_score.csv,grid_runs/MBH12_ff-amber_chi-selective_hb-1.0_sasa-0.6_vdwr-0.05_vdwa-0.15/native,MBH12 (1K43)
MBH12,1K43,/home/raubenb/gitrepos/QTF/1K43.pdb,MBH12_ff-amber_chi-selective_hb-1.0_sasa-0.6_vdwr-0.1_vdwa-0.1,MBH12,/home/raubenb/gitrepos/QTF/1K43.pdb,A,1,14,RGKWTYNGITYEGR,amber,selective,1.0,0.6,0.1,0.1,14,160.6907322959574,6.053646087646484,6.613679885864258,5.378514054161915,6.475586512579639,0.2503233328232777,55,42,0.0737941751808706,160.76446290592165,-95.96669873576325,-95.96669873576325,27.111345221731654,0.0,88.27548633919447,-9.57601456343193,-7.373525172507559,0.0,-2.6181178743685267,0.0,0.0,0.0,0.0,0.8676835696247557,0.3345405279948497,1.0,36.14556653629493,11.708918479819738,52.0965467871853,160.6907322959574,grid_runs/MBH12_ff-amber_chi-selective_hb-1.0_sasa-0.6_vdwr-0.1_vdwa-0.1/native/MBH12_native_score.csv,grid_runs/MBH12_ff-amber_chi-selective_hb-1.0_sasa-0.6_vdwr-0.1_vdwa-0.1/native,MBH12 (1K43)
MBH12,1K43,/home/raubenb/gitrepos/QTF/1K43.pdb,MBH12_ff-amber_chi-selective_hb-1.0_sasa-0.6_vdwr-0.1_vdwa-0.15,MBH12,/home/raubenb/gitrepos/QTF/1K43.pdb,A,1,14,RGKWTYNGITYEGR,amber,selective,1.0,0.6,0.1,0.15,14,155.9027250142414,6.053646087646484,6.613679885864258,5.378514054161915,6.475586512579639,0.2503233328232777,55,42,0.0737941751808706,160.76446290592165,-95.96669873576325,-95.96669873576325,27.111345221731654,0.0,88.27548633919447,-14.364021845147896,-7.373525172507559,0.0,-2.6181178743685267,0.0,0.0,0.0,0.0,0.8676835696247557,0.3345405279948497,1.0,36.14556653629493,11.708918479819738,52.0965467871853,155.9027250142414,grid_runs/MBH12_ff-amber_chi-selective_hb-1.0_sasa-0.6_vdwr-0.1_vdwa-0.15/native/MBH12_native_score.csv,grid_runs/MBH12_ff-amber_chi-selective_hb-1.0_sasa-0.6_vdwr-0.1_vdwa-0.15/native,MBH12 (1K43)
MBH12,1K43,/home/raubenb/gitrepos/QTF/1K43.pdb,MBH12_ff-amber_chi-selective_hb-1.0_sasa-0.7_vdwr-0.05_vdwa-0.1,MBH12,/home/raubenb/gitrepos/QTF/1K43.pdb,A,1,14,RGKWTYNGITYEGR,amber,selective,1.0,0.7,0.05,0.1,14,143.3470662773471,6.053646087646484,6.613679885864258,5.378514054161915,6.475586512579639,0.2503233328232777,55,42,0.0737941751808706,187.55854005690856,-95.96669873576325,-95.96669873576325,27.111345221731654,0.0,44.13774316959724,-9.57601456343193,-7.373525172507559,0.0,-2.6181178743685267,0.0,0.0,0.0,0.0,0.8676835696247557,0.3345405279948497,1.0,36.14556653629493,11.708918479819738,52.0965467871853,143.3470662773471,grid_runs/MBH12_ff-amber_chi-selective_hb-1.0_sasa-0.7_vdwr-0.05_vdwa-0.1/native/MBH12_native_score.csv,grid_runs/MBH12_ff-amber_chi-selective_hb-1.0_sasa-0.7_vdwr-0.05_vdwa-0.1/native,MBH12 (1K43)
MBH12,1K43,/home/raubenb/gitrepos/QTF/1K43.pdb,MBH12_ff-amber_chi-selective_hb-1.0_sasa-0.7_vdwr-0.05_vdwa-0.15,MBH12,/home/raubenb/gitrepos/QTF/1K43.pdb,A,1,14,RGKWTYNGITYEGR,amber,selective,1.0,0.7,0.05,0.15,14,138.55905899563112,6.053646087646484,6.613679885864258,5.378514054161915,6.475586512579639,0.2503233328232777,55,42,0.0737941751808706,187.55854005690856,-95.96669873576325,-95.96669873576325,27.111345221731654,0.0,44.13774316959724,-14.364021845147896,-7.373525172507559,0.0,-2.6181178743685267,0.0,0.0,0.0,0.0,0.8676835696247557,0.3345405279948497,1.0,36.14556653629493,11.708918479819738,52.0965467871853,138.55905899563112,grid_runs/MBH12_ff-amber_chi-selective_hb-1.0_sasa-0.7_vdwr-0.05_vdwa-0.15/native/MBH12_native_score.csv,grid_runs/MBH12_ff-amber_chi-selective_hb-1.0_sasa-0.7_vdwr-0.05_vdwa-0.15/native,MBH12 (1K43)
MBH12,1K43,/home/raubenb/gitrepos/QTF/1K43.pdb,MBH12_ff-amber_chi-selective_hb-1.0_sasa-0.7_vdwr-0.1_vdwa-0.1,MBH12,/home/raubenb/gitrepos/QTF/1K43.pdb,A,1,14,RGKWTYNGITYEGR,amber,selective,1.0,0.7,0.1,0.1,14,187.48480944694435,6.053646087646484,6.613679885864258,5.378514054161915,6.475586512579639,0.2503233328232777,55,42,0.0737941751808706,187.55854005690856,-95.96669873576325,-95.96669873576325,27.111345221731654,0.0,88.27548633919447,-9.57601456343193,-7.373525172507559,0.0,-2.6181178743685267,0.0,0.0,0.0,0.0,0.8676835696247557,0.3345405279948497,1.0,36.14556653629493,11.708918479819738,52.0965467871853,187.48480944694435,grid_runs/MBH12_ff-amber_chi-selective_hb-1.0_sasa-0.7_vdwr-0.1_vdwa-0.1/native/MBH12_native_score.csv,grid_runs/MBH12_ff-amber_chi-selective_hb-1.0_sasa-0.7_vdwr-0.1_vdwa-0.1/native,MBH12 (1K43)
MBH12,1K43,/home/raubenb/gitrepos/QTF/1K43.pdb,MBH12_ff-amber_chi-selective_hb-1.0_sasa-0.7_vdwr-0.1_vdwa-0.15,MBH12,/home/raubenb/gitrepos/QTF/1K43.pdb,A,1,14,RGKWTYNGITYEGR,amber,selective,1.0,0.7,0.1,0.15,14,182.69680216522835,6.053646087646484,6.613679885864258,5.378514054161915,6.475586512579639,0.2503233328232777,55,42,0.0737941751808706,187.55854005690856,-95.96669873576325,-95.96669873576325,27.111345221731654,0.0,88.27548633919447,-14.364021845147896,-7.373525172507559,0.0,-2.6181178743685267,0.0,0.0,0.0,0.0,0.8676835696247557,0.3345405279948497,1.0,36.14556653629493,11.708918479819738,52.0965467871853,182.69680216522835,grid_runs/MBH12_ff-amber_chi-selective_hb-1.0_sasa-0.7_vdwr-0.1_vdwa-0.15/native/MBH12_native_score.csv,grid_runs/MBH12_ff-amber_chi-selective_hb-1.0_sasa-0.7_vdwr-0.1_vdwa-0.15/native,MBH12 (1K43)
MBH12,1K43,/home/raubenb/gitrepos/QTF/1K43.pdb,MBH12_ff-amber_chi-selective_hb-1.0_sasa-0.8_vdwr-0.05_vdwa-0.1,MBH12,/home/raubenb/gitrepos/QTF/1K43.pdb,A,1,14,RGKWTYNGITYEGR,amber,selective,1.0,0.8,0.05,0.1,14,170.14114342833403,6.053646087646484,6.613679885864258,5.378514054161915,6.475586512579639,0.2503233328232777,55,42,0.0737941751808706,214.35261720789555,-95.96669873576325,-95.96669873576325,27.111345221731654,0.0,44.13774316959724,-9.57601456343193,-7.373525172507559,0.0,-2.6181178743685267,0.0,0.0,0.0,0.0,0.8676835696247557,0.3345405279948497,1.0,36.14556653629493,11.708918479819738,52.0965467871853,170.14114342833403,grid_runs/MBH12_ff-amber_chi-selective_hb-1.0_sasa-0.8_vdwr-0.05_vdwa-0.1/native/MBH12_native_score.csv,grid_runs/MBH12_ff-amber_chi-selective_hb-1.0_sasa-0.8_vdwr-0.05_vdwa-0.1/native,MBH12 (1K43)
MBH12,1K43,/home/raubenb/gitrepos/QTF/1K43.pdb,MBH12_ff-amber_chi-selective_hb-1.0_sasa-0.8_vdwr-0.05_vdwa-0.15,MBH12,/home/raubenb/gitrepos/QTF/1K43.pdb,A,1,14,RGKWTYNGITYEGR,amber,selective,1.0,0.8,0.05,0.15,14,165.35313614661806,6.053646087646484,6.613679885864258,5.378514054161915,6.475586512579639,0.2503233328232777,55,42,0.0737941751808706,214.35261720789555,-95.96669873576325,-95.96669873576325,27.111345221731654,0.0,44.13774316959724,-14.364021845147896,-7.373525172507559,0.0,-2.6181178743685267,0.0,0.0,0.0,0.0,0.8676835696247557,0.3345405279948497,1.0,36.14556653629493,11.708918479819738,52.0965467871853,165.35313614661806,grid_runs/MBH12_ff-amber_chi-selective_hb-1.0_sasa-0.8_vdwr-0.05_vdwa-0.15/native/MBH12_native_score.csv,grid_runs/MBH12_ff-amber_chi-selective_hb-1.0_sasa-0.8_vdwr-0.05_vdwa-0.15/native,MBH12 (1K43)
MBH12,1K43,/home/raubenb/gitrepos/QTF/1K43.pdb,MBH12_ff-amber_chi-selective_hb-1.0_sasa-0.8_vdwr-0.1_vdwa-0.1,MBH12,/home/raubenb/gitrepos/QTF/1K43.pdb,A,1,14,RGKWTYNGITYEGR,amber,selective,1.0,0.8,0.1,0.1,14,214.2788865979313,6.053646087646484,6.613679885864258,5.378514054161915,6.475586512579639,0.2503233328232777,55,42,0.0737941751808706,214.35261720789555,-95.96669873576325,-95.96669873576325,27.111345221731654,0.0,88.27548633919447,-9.57601456343193,-7.373525172507559,0.0,-2.6181178743685267,0.0,0.0,0.0,0.0,0.8676835696247557,0.3345405279948497,1.0,36.14556653629493,11.708918479819738,52.0965467871853,214.2788865979313,grid_runs/MBH12_ff-amber_chi-selective_hb-1.0_sasa-0.8_vdwr-0.1_vdwa-0.1/native/MBH12_native_score.csv,grid_runs/MBH12_ff-amber_chi-selective_hb-1.0_sasa-0.8_vdwr-0.1_vdwa-0.1/native,MBH12 (1K43)
MBH12,1K43,/home/raubenb/gitrepos/QTF/1K43.pdb,MBH12_ff-amber_chi-selective_hb-1.0_sasa-0.8_vdwr-0.1_vdwa-0.15,MBH12,/home/raubenb/gitrepos/QTF/1K43.pdb,A,1,14,RGKWTYNGITYEGR,amber,selective,1.0,0.8,0.1,0.15,14,209.49087931621528,6.053646087646484,6.613679885864258,5.378514054161915,6.475586512579639,0.2503233328232777,55,42,0.0737941751808706,214.35261720789555,-95.96669873576325,-95.96669873576325,27.111345221731654,0.0,88.27548633919447,-14.364021845147896,-7.373525172507559,0.0,-2.6181178743685267,0.0,0.0,0.0,0.0,0.8676835696247557,0.3345405279948497,1.0,36.14556653629493,11.708918479819738,52.0965467871853,209.49087931621528,grid_runs/MBH12_ff-amber_chi-selective_hb-1.0_sasa-0.8_vdwr-0.1_vdwa-0.15/native/MBH12_native_score.csv,grid_runs/MBH12_ff-amber_chi-selective_hb-1.0_sasa-0.8_vdwr-0.1_vdwa-0.15/native,MBH12 (1K43)
chignolin,5AWL,/home/raubenb/gitrepos/QTF/5AWL.pdb,chignolin_ff-amber_chi-selective_hb-0.6_sasa-0.6_vdwr-0.05_vdwa-0.1,chignolin,/home/raubenb/gitrepos/QTF/5AWL.pdb,A,1,10,YYDPETGTWY,amber,selective,0.6,0.6,0.05,0.1,10,237.5061534982696,5.508594512939453,4.848916530609131,5.127714784217623,4.491889973041613,0.777702935532632,35,33,0.6929814094506536,111.67036414791352,-9.950639081923716,-16.58439846987286,48.63070722952949,0.0,114.40414672232131,-12.12826396958707,-7.784727408423394,-3.209276292609889,-5.407442711091818,0.5883034526904565,0.5883034526904565,0.0,0.0,0.9248011015838966,0.4064327305001564,1.0,37.871349137989846,14.225145567505477,49.250799637382336,237.5061534982696,grid_runs/chignolin_ff-amber_chi-selective_hb-0.6_sasa-0.6_vdwr-0.05_vdwa-0.1/native/chignolin_native_score.csv,grid_runs/chignolin_ff-amber_chi-selective_hb-0.6_sasa-0.6_vdwr-0.05_vdwa-0.1/native,chignolin (5AWL)
chignolin,5AWL,/home/raubenb/gitrepos/QTF/5AWL.pdb,chignolin_ff-amber_chi-selective_hb-0.6_sasa-0.6_vdwr-0.05_vdwa-0.15,chignolin,/home/raubenb/gitrepos/QTF/5AWL.pdb,A,1,10,YYDPETGTWY,amber,selective,0.6,0.6,0.05,0.15,10,231.44202151347605,5.508594512939453,4.848916530609131,5.127714784217623,4.491889973041613,0.777702935532632,35,33,0.6929814094506536,111.67036414791352,-9.950639081923716,-16.58439846987286,48.63070722952949,0.0,114.40414672232131,-18.192395954380608,-7.784727408423394,-3.209276292609889,-5.407442711091818,0.5883034526904565,0.5883034526904565,0.0,0.0,0.9248011015838966,0.4064327305001564,1.0,37.871349137989846,14.225145567505477,49.250799637382336,231.44202151347605,grid_runs/chignolin_ff-amber_chi-selective_hb-0.6_sasa-0.6_vdwr-0.05_vdwa-0.15/native/chignolin_native_score.csv,grid_runs/chignolin_ff-amber_chi-selective_hb-0.6_sasa-0.6_vdwr-0.05_vdwa-0.15/native,chignolin (5AWL)
chignolin,5AWL,/home/raubenb/gitrepos/QTF/5AWL.pdb,chignolin_ff-amber_chi-selective_hb-0.6_sasa-0.6_vdwr-0.1_vdwa-0.1,chignolin,/home/raubenb/gitrepos/QTF/5AWL.pdb,A,1,10,YYDPETGTWY,amber,selective,0.6,0.6,0.1,0.1,10,351.91030022059084,5.508594512939453,4.848916530609131,5.127714784217623,4.491889973041613,0.777702935532632,35,33,0.6929814094506536,111.67036414791352,-9.950639081923716,-16.58439846987286,48.63070722952949,0.0,228.80829344464263,-12.12826396958707,-7.784727408423394,-3.209276292609889,-5.407442711091818,0.5883034526904565,0.5883034526904565,0.0,0.0,0.9248011015838966,0.4064327305001564,1.0,37.871349137989846,14.225145567505477,49.250799637382336,351.91030022059084,grid_runs/chignolin_ff-amber_chi-selective_hb-0.6_sasa-0.6_vdwr-0.1_vdwa-0.1/native/chignolin_native_score.csv,grid_runs/chignolin_ff-amber_chi-selective_hb-0.6_sasa-0.6_vdwr-0.1_vdwa-0.1/native,chignolin (5AWL)
chignolin,5AWL,/home/raubenb/gitrepos/QTF/5AWL.pdb,chignolin_ff-amber_chi-selective_hb-0.6_sasa-0.6_vdwr-0.1_vdwa-0.15,chignolin,/home/raubenb/gitrepos/QTF/5AWL.pdb,A,1,10,YYDPETGTWY,amber,selective,0.6,0.6,0.1,0.15,10,345.8461682357973,5.508594512939453,4.848916530609131,5.127714784217623,4.491889973041613,0.777702935532632,35,33,0.6929814094506536,111.67036414791352,-9.950639081923716,-16.58439846987286,48.63070722952949,0.0,228.80829344464263,-18.192395954380608,-7.784727408423394,-3.209276292609889,-5.407442711091818,0.5883034526904565,0.5883034526904565,0.0,0.0,0.9248011015838966,0.4064327305001564,1.0,37.871349137989846,14.225145567505477,49.250799637382336,345.8461682357973,grid_runs/chignolin_ff-amber_chi-selective_hb-0.6_sasa-0.6_vdwr-0.1_vdwa-0.15/native/chignolin_native_score.csv,grid_runs/chignolin_ff-amber_chi-selective_hb-0.6_sasa-0.6_vdwr-0.1_vdwa-0.15/native,chignolin (5AWL)
chignolin,5AWL,/home/raubenb/gitrepos/QTF/5AWL.pdb,chignolin_ff-amber_chi-selective_hb-0.6_sasa-0.7_vdwr-0.05_vdwa-0.1,chignolin,/home/raubenb/gitrepos/QTF/5AWL.pdb,A,1,10,YYDPETGTWY,amber,selective,0.6,0.7,0.05,0.1,10,256.1178808562551,5.508594512939453,4.848916530609131,5.127714784217623,4.491889973041613,0.777702935532632,35,33,0.6929814094506536,130.2820915058991,-9.950639081923716,-16.58439846987286,48.63070722952949,0.0,114.40414672232131,-12.12826396958707,-7.784727408423394,-3.209276292609889,-5.407442711091818,0.5883034526904565,0.5883034526904565,0.0,0.0,0.9248011015838966,0.4064327305001564,1.0,37.871349137989846,14.225145567505477,49.250799637382336,256.1178808562551,grid_runs/chignolin_ff-amber_chi-selective_hb-0.6_sasa-0.7_vdwr-0.05_vdwa-0.1/native/chignolin_native_score.csv,grid_runs/chignolin_ff-amber_chi-selective_hb-0.6_sasa-0.7_vdwr-0.05_vdwa-0.1/native,chignolin (5AWL)
chignolin,5AWL,/home/raubenb/gitrepos/QTF/5AWL.pdb,chignolin_ff-amber_chi-selective_hb-0.6_sasa-0.7_vdwr-0.05_vdwa-0.15,chignolin,/home/raubenb/gitrepos/QTF/5AWL.pdb,A,1,10,YYDPETGTWY,amber,selective,0.6,0.7,0.05,0.15,10,250.0537488714616,5.508594512939453,4.848916530609131,5.127714784217623,4.491889973041613,0.777702935532632,35,33,0.6929814094506536,130.2820915058991,-9.950639081923716,-16.58439846987286,48.63070722952949,0.0,114.40414672232131,-18.192395954380608,-7.784727408423394,-3.209276292609889,-5.407442711091818,0.5883034526904565,0.5883034526904565,0.0,0.0,0.9248011015838966,0.4064327305001564,1.0,37.871349137989846,14.225145567505477,49.250799637382336,250.0537488714616,grid_runs/chignolin_ff-amber_chi-selective_hb-0.6_sasa-0.7_vdwr-0.05_vdwa-0.15/native/chignolin_native_score.csv,grid_runs/chignolin_ff-amber_chi-selective_hb-0.6_sasa-0.7_vdwr-0.05_vdwa-0.15/native,chignolin (5AWL)
chignolin,5AWL,/home/raubenb/gitrepos/QTF/5AWL.pdb,chignolin_ff-amber_chi-selective_hb-0.6_sasa-0.7_vdwr-0.1_vdwa-0.1,chignolin,/home/raubenb/gitrepos/QTF/5AWL.pdb,A,1,10,YYDPETGTWY,amber,selective,0.6,0.7,0.1,0.1,10,370.52202757857646,5.508594512939453,4.848916530609131,5.127714784217623,4.491889973041613,0.777702935532632,35,33,0.6929814094506536,130.2820915058991,-9.950639081923716,-16.58439846987286,48.63070722952949,0.0,228.80829344464263,-12.12826396958707,-7.784727408423394,-3.209276292609889,-5.407442711091818,0.5883034526904565,0.5883034526904565,0.0,0.0,0.9248011015838966,0.4064327305001564,1.0,37.871349137989846,14.225145567505477,49.250799637382336,370.52202757857646,grid_runs/chignolin_ff-amber_chi-selective_hb-0.6_sasa-0.7_vdwr-0.1_vdwa-0.1/native/chignolin_native_score.csv,grid_runs/chignolin_ff-amber_chi-selective_hb-0.6_sasa-0.7_vdwr-0.1_vdwa-0.1/native,chignolin (5AWL)
chignolin,5AWL,/home/raubenb/gitrepos/QTF/5AWL.pdb,chignolin_ff-amber_chi-selective_hb-0.6_sasa-0.7_vdwr-0.1_vdwa-0.15,chignolin,/home/raubenb/gitrepos/QTF/5AWL.pdb,A,1,10,YYDPETGTWY,amber,selective,0.6,0.7,0.1,0.15,10,364.4578955937829,5.508594512939453,4.848916530609131,5.127714784217623,4.491889973041613,0.777702935532632,35,33,0.6929814094506536,130.2820915058991,-9.950639081923716,-16.58439846987286,48.63070722952949,0.0,228.80829344464263,-18.192395954380608,-7.784727408423394,-3.209276292609889,-5.407442711091818,0.5883034526904565,0.5883034526904565,0.0,0.0,0.9248011015838966,0.4064327305001564,1.0,37.871349137989846,14.225145567505477,49.250799637382336,364.4578955937829,grid_runs/chignolin_ff-amber_chi-selective_hb-0.6_sasa-0.7_vdwr-0.1_vdwa-0.15/native/chignolin_native_score.csv,grid_runs/chignolin_ff-amber_chi-selective_hb-0.6_sasa-0.7_vdwr-0.1_vdwa-0.15/native,chignolin (5AWL)
chignolin,5AWL,/home/raubenb/gitrepos/QTF/5AWL.pdb,chignolin_ff-amber_chi-selective_hb-0.6_sasa-0.8_vdwr-0.05_vdwa-0.1,chignolin,/home/raubenb/gitrepos/QTF/5AWL.pdb,A,1,10,YYDPETGTWY,amber,selective,0.6,0.8,0.05,0.1,10,274.7296082142407,5.508594512939453,4.848916530609131,5.127714784217623,4.491889973041613,0.777702935532632,35,33,0.6929814094506536,148.8938188638847,-9.950639081923716,-16.58439846987286,48.63070722952949,0.0,114.40414672232131,-12.12826396958707,-7.784727408423394,-3.209276292609889,-5.407442711091818,0.5883034526904565,0.5883034526904565,0.0,0.0,0.9248011015838966,0.4064327305001564,1.0,37.871349137989846,14.225145567505477,49.250799637382336,274.7296082142407,grid_runs/chignolin_ff-amber_chi-selective_hb-0.6_sasa-0.8_vdwr-0.05_vdwa-0.1/native/chignolin_native_score.csv,grid_runs/chignolin_ff-amber_chi-selective_hb-0.6_sasa-0.8_vdwr-0.05_vdwa-0.1/native,chignolin (5AWL)
chignolin,5AWL,/home/raubenb/gitrepos/QTF/5AWL.pdb,chignolin_ff-amber_chi-selective_hb-0.6_sasa-0.8_vdwr-0.05_vdwa-0.15,chignolin,/home/raubenb/gitrepos/QTF/5AWL.pdb,A,1,10,YYDPETGTWY,amber,selective,0.6,0.8,0.05,0.15,10,268.6654762294472,5.508594512939453,4.848916530609131,5.127714784217623,4.491889973041613,0.777702935532632,35,33,0.6929814094506536,148.8938188638847,-9.950639081923716,-16.58439846987286,48.63070722952949,0.0,114.40414672232131,-18.192395954380608,-7.784727408423394,-3.209276292609889,-5.407442711091818,0.5883034526904565,0.5883034526904565,0.0,0.0,0.9248011015838966,0.4064327305001564,1.0,37.871349137989846,14.225145567505477,49.250799637382336,268.6654762294472,grid_runs/chignolin_ff-amber_chi-selective_hb-0.6_sasa-0.8_vdwr-0.05_vdwa-0.15/native/chignolin_native_score.csv,grid_runs/chignolin_ff-amber_chi-selective_hb-0.6_sasa-0.8_vdwr-0.05_vdwa-0.15/native,chignolin (5AWL)
chignolin,5AWL,/home/raubenb/gitrepos/QTF/5AWL.pdb,chignolin_ff-amber_chi-selective_hb-0.6_sasa-0.8_vdwr-0.1_vdwa-0.1,chignolin,/home/raubenb/gitrepos/QTF/5AWL.pdb,A,1,10,YYDPETGTWY,amber,selective,0.6,0.8,0.1,0.1,10,389.13375493656207,5.508594512939453,4.848916530609131,5.127714784217623,4.491889973041613,0.777702935532632,35,33,0.6929814094506536,148.8938188638847,-9.950639081923716,-16.58439846987286,48.63070722952949,0.0,228.80829344464263,-12.12826396958707,-7.784727408423394,-3.209276292609889,-5.407442711091818,0.5883034526904565,0.5883034526904565,0.0,0.0,0.9248011015838966,0.4064327305001564,1.0,37.871349137989846,14.225145567505477,49.250799637382336,389.13375493656207,grid_runs/chignolin_ff-amber_chi-selective_hb-0.6_sasa-0.8_vdwr-0.1_vdwa-0.1/native/chignolin_native_score.csv,grid_runs/chignolin_ff-amber_chi-selective_hb-0.6_sasa-0.8_vdwr-0.1_vdwa-0.1/native,chignolin (5AWL)
chignolin,5AWL,/home/raubenb/gitrepos/QTF/5AWL.pdb,chignolin_ff-amber_chi-selective_hb-0.6_sasa-0.8_vdwr-0.1_vdwa-0.15,chignolin,/home/raubenb/gitrepos/QTF/5AWL.pdb,A,1,10,YYDPETGTWY,amber,selective,0.6,0.8,0.1,0.15,10,383.0696229517685,5.508594512939453,4.848916530609131,5.127714784217623,4.491889973041613,0.777702935532632,35,33,0.6929814094506536,148.8938188638847,-9.950639081923716,-16.58439846987286,48.63070722952949,0.0,228.80829344464263,-18.192395954380608,-7.784727408423394,-3.209276292609889,-5.407442711091818,0.5883034526904565,0.5883034526904565,0.0,0.0,0.9248011015838966,0.4064327305001564,1.0,37.871349137989846,14.225145567505477,49.250799637382336,383.0696229517685,grid_runs/chignolin_ff-amber_chi-selective_hb-0.6_sasa-0.8_vdwr-0.1_vdwa-0.15/native/chignolin_native_score.csv,grid_runs/chignolin_ff-amber_chi-selective_hb-0.6_sasa-0.8_vdwr-0.1_vdwa-0.15/native,chignolin (5AWL)
chignolin,5AWL,/home/raubenb/gitrepos/QTF/5AWL.pdb,chignolin_ff-amber_chi-selective_hb-0.75_sasa-0.6_vdwr-0.05_vdwa-0.1,chignolin,/home/raubenb/gitrepos/QTF/5AWL.pdb,A,1,10,YYDPETGTWY,amber,selective,0.75,0.6,0.05,0.1,10,235.01849372778864,5.508594512939453,4.848916530609131,5.127714784217623,4.491889973041613,0.777702935532632,35,33,0.6929814094506536,111.67036414791352,-12.438298852404644,-16.58439846987286,48.63070722952949,0.0,114.40414672232131,-12.12826396958707,-7.784727408423394,-3.209276292609889,-5.407442711091818,0.5883034526904565,0.5883034526904565,0.0,0.0,0.9248011015838966,0.4064327305001564,1.0,37.871349137989846,14.225145567505477,49.250799637382336,235.01849372778864,grid_runs/chignolin_ff-amber_chi-selective_hb-0.75_sasa-0.6_vdwr-0.05_vdwa-0.1/native/chignolin_native_score.csv,grid_runs/chignolin_ff-amber_chi-selective_hb-0.75_sasa-0.6_vdwr-0.05_vdwa-0.1/native,chignolin (5AWL)
chignolin,5AWL,/home/raubenb/gitrepos/QTF/5AWL.pdb,chignolin_ff-amber_chi-selective_hb-0.75_sasa-0.6_vdwr-0.05_vdwa-0.15,chignolin,/home/raubenb/gitrepos/QTF/5AWL.pdb,A,1,10,YYDPETGTWY,amber,selective,0.75,0.6,0.05,0.15,10,228.9543617429951,5.508594512939453,4.848916530609131,5.127714784217623,4.491889973041613,0.777702935532632,35,33,0.6929814094506536,111.67036414791352,-12.438298852404644,-16.58439846987286,48.63070722952949,0.0,114.40414672232131,-18.192395954380608,-7.784727408423394,-3.209276292609889,-5.407442711091818,0.5883034526904565,0.5883034526904565,0.0,0.0,0.9248011015838966,0.4064327305001564,1.0,37.871349137989846,14.225145567505477,49.250799637382336,228.9543617429951,grid_runs/chignolin_ff-amber_chi-selective_hb-0.75_sasa-0.6_vdwr-0.05_vdwa-0.15/native/chignolin_native_score.csv,grid_runs/chignolin_ff-amber_chi-selective_hb-0.75_sasa-0.6_vdwr-0.05_vdwa-0.15/native,chignolin (5AWL)
chignolin,5AWL,/home/raubenb/gitrepos/QTF/5AWL.pdb,chignolin_ff-amber_chi-selective_hb-0.75_sasa-0.6_vdwr-0.1_vdwa-0.1,chignolin,/home/raubenb/gitrepos/QTF/5AWL.pdb,A,1,10,YYDPETGTWY,amber,selective,0.75,0.6,0.1,0.1,10,349.4226404501099,5.508594512939453,4.848916530609131,5.127714784217623,4.491889973041613,0.777702935532632,35,33,0.6929814094506536,111.67036414791352,-12.438298852404644,-16.58439846987286,48.63070722952949,0.0,228.80829344464263,-12.12826396958707,-7.784727408423394,-3.209276292609889,-5.407442711091818,0.5883034526904565,0.5883034526904565,0.0,0.0,0.9248011015838966,0.4064327305001564,1.0,37.871349137989846,14.225145567505477,49.250799637382336,349.4226404501099,grid_runs/chignolin_ff-amber_chi-selective_hb-0.75_sasa-0.6_vdwr-0.1_vdwa-0.1/native/chignolin_native_score.csv,grid_runs/chignolin_ff-amber_chi-selective_hb-0.75_sasa-0.6_vdwr-0.1_vdwa-0.1/native,chignolin (5AWL)
chignolin,5AWL,/home/raubenb/gitrepos/QTF/5AWL.pdb,chignolin_ff-amber_chi-selective_hb-0.75_sasa-0.6_vdwr-0.1_vdwa-0.15,chignolin,/home/raubenb/gitrepos/QTF/5AWL.pdb,A,1,10,YYDPETGTWY,amber,selective,0.75,0.6,0.1,0.15,10,343.35850846531633,5.508594512939453,4.848916530609131,5.127714784217623,4.491889973041613,0.777702935532632,35,33,0.6929814094506536,111.67036414791352,-12.438298852404644,-16.58439846987286,48.63070722952949,0.0,228.80829344464263,-18.192395954380608,-7.784727408423394,-3.209276292609889,-5.407442711091818,0.5883034526904565,0.5883034526904565,0.0,0.0,0.9248011015838966,0.4064327305001564,1.0,37.871349137989846,14.225145567505477,49.250799637382336,343.35850846531633,grid_runs/chignolin_ff-amber_chi-selective_hb-0.75_sasa-0.6_vdwr-0.1_vdwa-0.15/native/chignolin_native_score.csv,grid_runs/chignolin_ff-amber_chi-selective_hb-0.75_sasa-0.6_vdwr-0.1_vdwa-0.15/native,chignolin (5AWL)
chignolin,5AWL,/home/raubenb/gitrepos/QTF/5AWL.pdb,chignolin_ff-amber_chi-selective_hb-0.75_sasa-0.7_vdwr-0.05_vdwa-0.1,chignolin,/home/raubenb/gitrepos/QTF/5AWL.pdb,A,1,10,YYDPETGTWY,amber,selective,0.75,0.7,0.05,0.1,10,253.6302210857742,5.508594512939453,4.848916530609131,5.127714784217623,4.491889973041613,0.777702935532632,35,33,0.6929814094506536,130.2820915058991,-12.438298852404644,-16.58439846987286,48.63070722952949,0.0,114.40414672232131,-12.12826396958707,-7.784727408423394,-3.209276292609889,-5.407442711091818,0.5883034526904565,0.5883034526904565,0.0,0.0,0.9248011015838966,0.4064327305001564,1.0,37.871349137989846,14.225145567505477,49.250799637382336,253.6302210857742,grid_runs/chignolin_ff-amber_chi-selective_hb-0.75_sasa-0.7_vdwr-0.05_vdwa-0.1/native/chignolin_native_score.csv,grid_runs/chignolin_ff-amber_chi-selective_hb-0.75_sasa-0.7_vdwr-0.05_vdwa-0.1/native,chignolin (5AWL)
chignolin,5AWL,/home/raubenb/gitrepos/QTF/5AWL.pdb,chignolin_ff-amber_chi-selective_hb-0.75_sasa-0.7_vdwr-0.05_vdwa-0.15,chignolin,/home/raubenb/gitrepos/QTF/5AWL.pdb,A,1,10,YYDPETGTWY,amber,selective,0.75,0.7,0.05,0.15,10,247.56608910098063,5.508594512939453,4.848916530609131,5.127714784217623,4.491889973041613,0.777702935532632,35,33,0.6929814094506536,130.2820915058991,-12.438298852404644,-16.58439846987286,48.63070722952949,0.0,114.40414672232131,-18.192395954380608,-7.784727408423394,-3.209276292609889,-5.407442711091818,0.5883034526904565,0.5883034526904565,0.0,0.0,0.9248011015838966,0.4064327305001564,1.0,37.871349137989846,14.225145567505477,49.250799637382336,247.56608910098063,grid_runs/chignolin_ff-amber_chi-selective_hb-0.75_sasa-0.7_vdwr-0.05_vdwa-0.15/native/chignolin_native_score.csv,grid_runs/chignolin_ff-amber_chi-selective_hb-0.75_sasa-0.7_vdwr-0.05_vdwa-0.15/native,chignolin (5AWL)
chignolin,5AWL,/home/raubenb/gitrepos/QTF/5AWL.pdb,chignolin_ff-amber_chi-selective_hb-0.75_sasa-0.7_vdwr-0.1_vdwa-0.1,chignolin,/home/raubenb/gitrepos/QTF/5AWL.pdb,A,1,10,YYDPETGTWY,amber,selective,0.75,0.7,0.1,0.1,10,368.0343678080955,5.508594512939453,4.848916530609131,5.127714784217623,4.491889973041613,0.777702935532632,35,33,0.6929814094506536,130.2820915058991,-12.438298852404644,-16.58439846987286,48.63070722952949,0.0,228.80829344464263,-12.12826396958707,-7.784727408423394,-3.209276292609889,-5.407442711091818,0.5883034526904565,0.5883034526904565,0.0,0.0,0.9248011015838966,0.4064327305001564,1.0,37.871349137989846,14.225145567505477,49.250799637382336,368.0343678080955,grid_runs/chignolin_ff-amber_chi-selective_hb-0.75_sasa-0.7_vdwr-0.1_vdwa-0.1/native/chignolin_native_score.csv,grid_runs/chignolin_ff-amber_chi-selective_hb-0.75_sasa-0.7_vdwr-0.1_vdwa-0.1/native,chignolin (5AWL)
chignolin,5AWL,/home/raubenb/gitrepos/QTF/5AWL.pdb,chignolin_ff-amber_chi-selective_hb-0.75_sasa-0.7_vdwr-0.1_vdwa-0.15,chignolin,/home/raubenb/gitrepos/QTF/5AWL.pdb,A,1,10,YYDPETGTWY,amber,selective,0.75,0.7,0.1,0.15,10,361.970235823302,5.508594512939453,4.848916530609131,5.127714784217623,4.491889973041613,0.777702935532632,35,33,0.6929814094506536,130.2820915058991,-12.438298852404644,-16.58439846987286,48.63070722952949,0.0,228.80829344464263,-18.192395954380608,-7.784727408423394,-3.209276292609889,-5.407442711091818,0.5883034526904565,0.5883034526904565,0.0,0.0,0.9248011015838966,0.4064327305001564,1.0,37.871349137989846,14.225145567505477,49.250799637382336,361.970235823302,grid_runs/chignolin_ff-amber_chi-selective_hb-0.75_sasa-0.7_vdwr-0.1_vdwa-0.15/native/chignolin_native_score.csv,grid_runs/chignolin_ff-amber_chi-selective_hb-0.75_sasa-0.7_vdwr-0.1_vdwa-0.15/native,chignolin (5AWL)
chignolin,5AWL,/home/raubenb/gitrepos/QTF/5AWL.pdb,chignolin_ff-amber_chi-selective_hb-0.75_sasa-0.8_vdwr-0.05_vdwa-0.1,chignolin,/home/raubenb/gitrepos/QTF/5AWL.pdb,A,1,10,YYDPETGTWY,amber,selective,0.75,0.8,0.05,0.1,10,272.2419484437598,5.508594512939453,4.848916530609131,5.127714784217623,4.491889973041613,0.777702935532632,35,33,0.6929814094506536,148.8938188638847,-12.438298852404644,-16.58439846987286,48.63070722952949,0.0,114.40414672232131,-12.12826396958707,-7.784727408423394,-3.209276292609889,-5.407442711091818,0.5883034526904565,0.5883034526904565,0.0,0.0,0.9248011015838966,0.4064327305001564,1.0,37.871349137989846,14.225145567505477,49.250799637382336,272.2419484437598,grid_runs/chignolin_ff-amber_chi-selective_hb-0.75_sasa-0.8_vdwr-0.05_vdwa-0.1/native/chignolin_native_score.csv,grid_runs/chignolin_ff-amber_chi-selective_hb-0.75_sasa-0.8_vdwr-0.05_vdwa-0.1/native,chignolin (5AWL)
chignolin,5AWL,/home/raubenb/gitrepos/QTF/5AWL.pdb,chignolin_ff-amber_chi-selective_hb-0.75_sasa-0.8_vdwr-0.05_vdwa-0.15,chignolin,/home/raubenb/gitrepos/QTF/5AWL.pdb,A,1,10,YYDPETGTWY,amber,selective,0.75,0.8,0.05,0.15,10,266.1778164589662,5.508594512939453,4.848916530609131,5.127714784217623,4.491889973041613,0.777702935532632,35,33,0.6929814094506536,148.8938188638847,-12.438298852404644,-16.58439846987286,48.63070722952949,0.0,114.40414672232131,-18.192395954380608,-7.784727408423394,-3.209276292609889,-5.407442711091818,0.5883034526904565,0.5883034526904565,0.0,0.0,0.9248011015838966,0.4064327305001564,1.0,37.871349137989846,14.225145567505477,49.250799637382336,266.1778164589662,grid_runs/chignolin_ff-amber_chi-selective_hb-0.75_sasa-0.8_vdwr-0.05_vdwa-0.15/native/chignolin_native_score.csv,grid_runs/chignolin_ff-amber_chi-selective_hb-0.75_sasa-0.8_vdwr-0.05_vdwa-0.15/native,chignolin (5AWL)
chignolin,5AWL,/home/raubenb/gitrepos/QTF/5AWL.pdb,chignolin_ff-amber_chi-selective_hb-0.75_sasa-0.8_vdwr-0.1_vdwa-0.1,chignolin,/home/raubenb/gitrepos/QTF/5AWL.pdb,A,1,10,YYDPETGTWY,amber,selective,0.75,0.8,0.1,0.1,10,386.6460951660811,5.508594512939453,4.848916530609131,5.127714784217623,4.491889973041613,0.777702935532632,35,33,0.6929814094506536,148.8938188638847,-12.438298852404644,-16.58439846987286,48.63070722952949,0.0,228.80829344464263,-12.12826396958707,-7.784727408423394,-3.209276292609889,-5.407442711091818,0.5883034526904565,0.5883034526904565,0.0,0.0,0.9248011015838966,0.4064327305001564,1.0,37.871349137989846,14.225145567505477,49.250799637382336,386.6460951660811,grid_runs/chignolin_ff-amber_chi-selective_hb-0.75_sasa-0.8_vdwr-0.1_vdwa-0.1/native/chignolin_native_score.csv,grid_runs/chignolin_ff-amber_chi-selective_hb-0.75_sasa-0.8_vdwr-0.1_vdwa-0.1/native,chignolin (5AWL)
chignolin,5AWL,/home/raubenb/gitrepos/QTF/5AWL.pdb,chignolin_ff-amber_chi-selective_hb-0.75_sasa-0.8_vdwr-0.1_vdwa-0.15,chignolin,/home/raubenb/gitrepos/QTF/5AWL.pdb,A,1,10,YYDPETGTWY,amber,selective,0.75,0.8,0.1,0.15,10,380.5819631812876,5.508594512939453,4.848916530609131,5.127714784217623,4.491889973041613,0.777702935532632,35,33,0.6929814094506536,148.8938188638847,-12.438298852404644,-16.58439846987286,48.63070722952949,0.0,228.80829344464263,-18.192395954380608,-7.784727408423394,-3.209276292609889,-5.407442711091818,0.5883034526904565,0.5883034526904565,0.0,0.0,0.9248011015838966,0.4064327305001564,1.0,37.871349137989846,14.225145567505477,49.250799637382336,380.5819631812876,grid_runs/chignolin_ff-amber_chi-selective_hb-0.75_sasa-0.8_vdwr-0.1_vdwa-0.15/native/chignolin_native_score.csv,grid_runs/chignolin_ff-amber_chi-selective_hb-0.75_sasa-0.8_vdwr-0.1_vdwa-0.15/native,chignolin (5AWL)
chignolin,5AWL,/home/raubenb/gitrepos/QTF/5AWL.pdb,chignolin_ff-amber_chi-selective_hb-1.0_sasa-0.6_vdwr-0.05_vdwa-0.1,chignolin,/home/raubenb/gitrepos/QTF/5AWL.pdb,A,1,10,YYDPETGTWY,amber,selective,1.0,0.6,0.05,0.1,10,230.8723941103204,5.508594512939453,4.848916530609131,5.127714784217623,4.491889973041613,0.777702935532632,35,33,0.6929814094506536,111.67036414791352,-16.58439846987286,-16.58439846987286,48.63070722952949,0.0,114.40414672232131,-12.12826396958707,-7.784727408423394,-3.209276292609889,-5.407442711091818,0.5883034526904565,0.5883034526904565,0.0,0.0,0.9248011015838966,0.4064327305001564,1.0,37.871349137989846,14.225145567505477,49.250799637382336,230.8723941103204,grid_runs/chignolin_ff-amber_chi-selective_hb-1.0_sasa-0.6_vdwr-0.05_vdwa-0.1/native/chignolin_native_score.csv,grid_runs/chignolin_ff-amber_chi-selective_hb-1.0_sasa-0.6_vdwr-0.05_vdwa-0.1/native,chignolin (5AWL)
chignolin,5AWL,/home/raubenb/gitrepos/QTF/5AWL.pdb,chignolin_ff-amber_chi-selective_hb-1.0_sasa-0.6_vdwr-0.05_vdwa-0.15,chignolin,/home/raubenb/gitrepos/QTF/5AWL.pdb,A,1,10,YYDPETGTWY,amber,selective,1.0,0.6,0.05,0.15,10,224.80826212552688,5.508594512939453,4.848916530609131,5.127714784217623,4.491889973041613,0.777702935532632,35,33,0.6929814094506536,111.67036414791352,-16.58439846987286,-16.58439846987286,48.63070722952949,0.0,114.40414672232131,-18.192395954380608,-7.784727408423394,-3.209276292609889,-5.407442711091818,0.5883034526904565,0.5883034526904565,0.0,0.0,0.9248011015838966,0.4064327305001564,1.0,37.871349137989846,14.225145567505477,49.250799637382336,224.80826212552688,grid_runs/chignolin_ff-amber_chi-selective_hb-1.0_sasa-0.6_vdwr-0.05_vdwa-0.15/native/chignolin_native_score.csv,grid_runs/chignolin_ff-amber_chi-selective_hb-1.0_sasa-0.6_vdwr-0.05_vdwa-0.15/native,chignolin (5AWL)
chignolin,5AWL,/home/raubenb/gitrepos/QTF/5AWL.pdb,chignolin_ff-amber_chi-selective_hb-1.0_sasa-0.6_vdwr-0.1_vdwa-0.1,chignolin,/home/raubenb/gitrepos/QTF/5AWL.pdb,A,1,10,YYDPETGTWY,amber,selective,1.0,0.6,0.1,0.1,10,345.27654083264173,5.508594512939453,4.848916530609131,5.127714784217623,4.491889973041613,0.777702935532632,35,33,0.6929814094506536,111.67036414791352,-16.58439846987286,-16.58439846987286,48.63070722952949,0.0,228.80829344464263,-12.12826396958707,-7.784727408423394,-3.209276292609889,-5.407442711091818,0.5883034526904565,0.5883034526904565,0.0,0.0,0.9248011015838966,0.4064327305001564,1.0,37.871349137989846,14.225145567505477,49.250799637382336,345.27654083264173,grid_runs/chignolin_ff-amber_chi-selective_hb-1.0_sasa-0.6_vdwr-0.1_vdwa-0.1/native/chignolin_native_score.csv,grid_runs/chignolin_ff-amber_chi-selective_hb-1.0_sasa-0.6_vdwr-0.1_vdwa-0.1/native,chignolin (5AWL)
chignolin,5AWL,/home/raubenb/gitrepos/QTF/5AWL.pdb,chignolin_ff-amber_chi-selective_hb-1.0_sasa-0.6_vdwr-0.1_vdwa-0.15,chignolin,/home/raubenb/gitrepos/QTF/5AWL.pdb,A,1,10,YYDPETGTWY,amber,selective,1.0,0.6,0.1,0.15,10,339.21240884784817,5.508594512939453,4.848916530609131,5.127714784217623,4.491889973041613,0.777702935532632,35,33,0.6929814094506536,111.67036414791352,-16.58439846987286,-16.58439846987286,48.63070722952949,0.0,228.80829344464263,-18.192395954380608,-7.784727408423394,-3.209276292609889,-5.407442711091818,0.5883034526904565,0.5883034526904565,0.0,0.0,0.9248011015838966,0.4064327305001564,1.0,37.871349137989846,14.225145567505477,49.250799637382336,339.21240884784817,grid_runs/chignolin_ff-amber_chi-selective_hb-1.0_sasa-0.6_vdwr-0.1_vdwa-0.15/native/chignolin_native_score.csv,grid_runs/chignolin_ff-amber_chi-selective_hb-1.0_sasa-0.6_vdwr-0.1_vdwa-0.15/native,chignolin (5AWL)
chignolin,5AWL,/home/raubenb/gitrepos/QTF/5AWL.pdb,chignolin_ff-amber_chi-selective_hb-1.0_sasa-0.7_vdwr-0.05_vdwa-0.1,chignolin,/home/raubenb/gitrepos/QTF/5AWL.pdb,A,1,10,YYDPETGTWY,amber,selective,1.0,0.7,0.05,0.1,10,249.484121468306,5.508594512939453,4.848916530609131,5.127714784217623,4.491889973041613,0.777702935532632,35,33,0.6929814094506536,130.2820915058991,-16.58439846987286,-16.58439846987286,48.63070722952949,0.0,114.40414672232131,-12.12826396958707,-7.784727408423394,-3.209276292609889,-5.407442711091818,0.5883034526904565,0.5883034526904565,0.0,0.0,0.9248011015838966,0.4064327305001564,1.0,37.871349137989846,14.225145567505477,49.250799637382336,249.484121468306,grid_runs/chignolin_ff-amber_chi-selective_hb-1.0_sasa-0.7_vdwr-0.05_vdwa-0.1/native/chignolin_native_score.csv,grid_runs/chignolin_ff-amber_chi-selective_hb-1.0_sasa-0.7_vdwr-0.05_vdwa-0.1/native,chignolin (5AWL)
chignolin,5AWL,/home/raubenb/gitrepos/QTF/5AWL.pdb,chignolin_ff-amber_chi-selective_hb-1.0_sasa-0.7_vdwr-0.05_vdwa-0.15,chignolin,/home/raubenb/gitrepos/QTF/5AWL.pdb,A,1,10,YYDPETGTWY,amber,selective,1.0,0.7,0.05,0.15,10,243.4199894835124,5.508594512939453,4.848916530609131,5.127714784217623,4.491889973041613,0.777702935532632,35,33,0.6929814094506536,130.2820915058991,-16.58439846987286,-16.58439846987286,48.63070722952949,0.0,114.40414672232131,-18.192395954380608,-7.784727408423394,-3.209276292609889,-5.407442711091818,0.5883034526904565,0.5883034526904565,0.0,0.0,0.9248011015838966,0.4064327305001564,1.0,37.871349137989846,14.225145567505477,49.250799637382336,243.4199894835124,grid_runs/chignolin_ff-amber_chi-selective_hb-1.0_sasa-0.7_vdwr-0.05_vdwa-0.15/native/chignolin_native_score.csv,grid_runs/chignolin_ff-amber_chi-selective_hb-1.0_sasa-0.7_vdwr-0.05_vdwa-0.15/native,chignolin (5AWL)
chignolin,5AWL,/home/raubenb/gitrepos/QTF/5AWL.pdb,chignolin_ff-amber_chi-selective_hb-1.0_sasa-0.7_vdwr-0.1_vdwa-0.1,chignolin,/home/raubenb/gitrepos/QTF/5AWL.pdb,A,1,10,YYDPETGTWY,amber,selective,1.0,0.7,0.1,0.1,10,363.88826819062734,5.508594512939453,4.848916530609131,5.127714784217623,4.491889973041613,0.777702935532632,35,33,0.6929814094506536,130.2820915058991,-16.58439846987286,-16.58439846987286,48.63070722952949,0.0,228.80829344464263,-12.12826396958707,-7.784727408423394,-3.209276292609889,-5.407442711091818,0.5883034526904565,0.5883034526904565,0.0,0.0,0.9248011015838966,0.4064327305001564,1.0,37.871349137989846,14.225145567505477,49.250799637382336,363.88826819062734,grid_runs/chignolin_ff-amber_chi-selective_hb-1.0_sasa-0.7_vdwr-0.1_vdwa-0.1/native/chignolin_native_score.csv,grid_runs/chignolin_ff-amber_chi-selective_hb-1.0_sasa-0.7_vdwr-0.1_vdwa-0.1/native,chignolin (5AWL)
chignolin,5AWL,/home/raubenb/gitrepos/QTF/5AWL.pdb,chignolin_ff-amber_chi-selective_hb-1.0_sasa-0.7_vdwr-0.1_vdwa-0.15,chignolin,/home/raubenb/gitrepos/QTF/5AWL.pdb,A,1,10,YYDPETGTWY,amber,selective,1.0,0.7,0.1,0.15,10,357.8241362058338,5.508594512939453,4.848916530609131,5.127714784217623,4.491889973041613,0.777702935532632,35,33,0.6929814094506536,130.2820915058991,-16.58439846987286,-16.58439846987286,48.63070722952949,0.0,228.80829344464263,-18.192395954380608,-7.784727408423394,-3.209276292609889,-5.407442711091818,0.5883034526904565,0.5883034526904565,0.0,0.0,0.9248011015838966,0.4064327305001564,1.0,37.871349137989846,14.225145567505477,49.250799637382336,357.8241362058338,grid_runs/chignolin_ff-amber_chi-selective_hb-1.0_sasa-0.7_vdwr-0.1_vdwa-0.15/native/chignolin_native_score.csv,grid_runs/chignolin_ff-amber_chi-selective_hb-1.0_sasa-0.7_vdwr-0.1_vdwa-0.15/native,chignolin (5AWL)
chignolin,5AWL,/home/raubenb/gitrepos/QTF/5AWL.pdb,chignolin_ff-amber_chi-selective_hb-1.0_sasa-0.8_vdwr-0.05_vdwa-0.1,chignolin,/home/raubenb/gitrepos/QTF/5AWL.pdb,A,1,10,YYDPETGTWY,amber,selective,1.0,0.8,0.05,0.1,10,268.0958488262916,5.508594512939453,4.848916530609131,5.127714784217623,4.491889973041613,0.777702935532632,35,33,0.6929814094506536,148.8938188638847,-16.58439846987286,-16.58439846987286,48.63070722952949,0.0,114.40414672232131,-12.12826396958707,-7.784727408423394,-3.209276292609889,-5.407442711091818,0.5883034526904565,0.5883034526904565,0.0,0.0,0.9248011015838966,0.4064327305001564,1.0,37.871349137989846,14.225145567505477,49.250799637382336,268.0958488262916,grid_runs/chignolin_ff-amber_chi-selective_hb-1.0_sasa-0.8_vdwr-0.05_vdwa-0.1/native/chignolin_native_score.csv,grid_runs/chignolin_ff-amber_chi-selective_hb-1.0_sasa-0.8_vdwr-0.05_vdwa-0.1/native,chignolin (5AWL)
chignolin,5AWL,/home/raubenb/gitrepos/QTF/5AWL.pdb,chignolin_ff-amber_chi-selective_hb-1.0_sasa-0.8_vdwr-0.05_vdwa-0.15,chignolin,/home/raubenb/gitrepos/QTF/5AWL.pdb,A,1,10,YYDPETGTWY,amber,selective,1.0,0.8,0.05,0.15,10,262.03171684149805,5.508594512939453,4.848916530609131,5.127714784217623,4.491889973041613,0.777702935532632,35,33,0.6929814094506536,148.8938188638847,-16.58439846987286,-16.58439846987286,48.63070722952949,0.0,114.40414672232131,-18.192395954380608,-7.784727408423394,-3.209276292609889,-5.407442711091818,0.5883034526904565,0.5883034526904565,0.0,0.0,0.9248011015838966,0.4064327305001564,1.0,37.871349137989846,14.225145567505477,49.250799637382336,262.03171684149805,grid_runs/chignolin_ff-amber_chi-selective_hb-1.0_sasa-0.8_vdwr-0.05_vdwa-0.15/native/chignolin_native_score.csv,grid_runs/chignolin_ff-amber_chi-selective_hb-1.0_sasa-0.8_vdwr-0.05_vdwa-0.15/native,chignolin (5AWL)
chignolin,5AWL,/home/raubenb/gitrepos/QTF/5AWL.pdb,chignolin_ff-amber_chi-selective_hb-1.0_sasa-0.8_vdwr-0.1_vdwa-0.1,chignolin,/home/raubenb/gitrepos/QTF/5AWL.pdb,A,1,10,YYDPETGTWY,amber,selective,1.0,0.8,0.1,0.1,10,382.4999955486128,5.508594512939453,4.848916530609131,5.127714784217623,4.491889973041613,0.777702935532632,35,33,0.6929814094506536,148.8938188638847,-16.58439846987286,-16.58439846987286,48.63070722952949,0.0,228.80829344464263,-12.12826396958707,-7.784727408423394,-3.209276292609889,-5.407442711091818,0.5883034526904565,0.5883034526904565,0.0,0.0,0.9248011015838966,0.4064327305001564,1.0,37.871349137989846,14.225145567505477,49.250799637382336,382.4999955486128,grid_runs/chignolin_ff-amber_chi-selective_hb-1.0_sasa-0.8_vdwr-0.1_vdwa-0.1/native/chignolin_native_score.csv,grid_runs/chignolin_ff-amber_chi-selective_hb-1.0_sasa-0.8_vdwr-0.1_vdwa-0.1/native,chignolin (5AWL)
chignolin,5AWL,/home/raubenb/gitrepos/QTF/5AWL.pdb,chignolin_ff-amber_chi-selective_hb-1.0_sasa-0.8_vdwr-0.1_vdwa-0.15,chignolin,/home/raubenb/gitrepos/QTF/5AWL.pdb,A,1,10,YYDPETGTWY,amber,selective,1.0,0.8,0.1,0.15,10,376.4358635638193,5.508594512939453,4.848916530609131,5.127714784217623,4.491889973041613,0.777702935532632,35,33,0.6929814094506536,148.8938188638847,-16.58439846987286,-16.58439846987286,48.63070722952949,0.0,228.80829344464263,-18.192395954380608,-7.784727408423394,-3.209276292609889,-5.407442711091818,0.5883034526904565,0.5883034526904565,0.0,0.0,0.9248011015838966,0.4064327305001564,1.0,37.871349137989846,14.225145567505477,49.250799637382336,376.4358635638193,grid_runs/chignolin_ff-amber_chi-selective_hb-1.0_sasa-0.8_vdwr-0.1_vdwa-0.15/native/chignolin_native_score.csv,grid_runs/chignolin_ff-amber_chi-selective_hb-1.0_sasa-0.8_vdwr-0.1_vdwa-0.15/native,chignolin (5AWL)
trp_cage,2JOF,/home/raubenb/gitrepos/QTF/2JOF.pdb,trp_cage_ff-amber_chi-selective_hb-0.6_sasa-0.6_vdwr-0.05_vdwa-0.1,trp_cage,/home/raubenb/gitrepos/QTF/2JOF.pdb,A,1,20,DAYAQWLKDGGPSSGRPPPS,amber,selective,0.6,0.6,0.05,0.1,20,301.86420901922827,11.25388240814209,6.910665512084961,10.427457331256708,6.426422477936852,0.6042766997119539,71,57,121.3991787567774,94.04704346923354,-78.3249148705202,-130.54152478420033,46.58101954162132,0.0,165.83200909417457,-23.25234522007859,-0.195569784775577,0.0,-26.5754257765058,2.3532138093015647,2.3532138093015647,0.0,0.0,0.938531344137756,0.5819562474246921,1.0,45.85260495866871,20.368468659864224,74.49332851583739,301.86420901922827,grid_runs/trp_cage_ff-amber_chi-selective_hb-0.6_sasa-0.6_vdwr-0.05_vdwa-0.1/native/trp_cage_native_score.csv,grid_runs/trp_cage_ff-amber_chi-selective_hb-0.6_sasa-0.6_vdwr-0.05_vdwa-0.1/native,trp_cage (2JOF)
trp_cage,2JOF,/home/raubenb/gitrepos/QTF/2JOF.pdb,trp_cage_ff-amber_chi-selective_hb-0.6_sasa-0.6_vdwr-0.05_vdwa-0.15,trp_cage,/home/raubenb/gitrepos/QTF/2JOF.pdb,A,1,20,DAYAQWLKDGGPSSGRPPPS,amber,selective,0.6,0.6,0.05,0.15,20,290.238036409189,11.25388240814209,6.910665512084961,10.427457331256708,6.426422477936852,0.6042766997119539,71,57,121.3991787567774,94.04704346923354,-78.3249148705202,-130.54152478420033,46.58101954162132,0.0,165.83200909417457,-34.878517830117886,-0.195569784775577,0.0,-26.5754257765058,2.3532138093015647,2.3532138093015647,0.0,0.0,0.938531344137756,0.5819562474246921,1.0,45.85260495866871,20.368468659864224,74.49332851583739,290.238036409189,grid_runs/trp_cage_ff-amber_chi-selective_hb-0.6_sasa-0.6_vdwr-0.05_vdwa-0.15/native/trp_cage_native_score.csv,grid_runs/trp_cage_ff-amber_chi-selective_hb-0.6_sasa-0.6_vdwr-0.05_vdwa-0.15/native,trp_cage (2JOF)
trp_cage,2JOF,/home/raubenb/gitrepos/QTF/2JOF.pdb,trp_cage_ff-amber_chi-selective_hb-0.6_sasa-0.6_vdwr-0.1_vdwa-0.1,trp_cage,/home/raubenb/gitrepos/QTF/2JOF.pdb,A,1,20,DAYAQWLKDGGPSSGRPPPS,amber,selective,0.6,0.6,0.1,0.1,20,467.6962181134028,11.25388240814209,6.910665512084961,10.427457331256708,6.426422477936852,0.6042766997119539,71,57,121.3991787567774,94.04704346923354,-78.3249148705202,-130.54152478420033,46.58101954162132,0.0,331.66401818834913,-23.25234522007859,-0.195569784775577,0.0,-26.5754257765058,2.3532138093015647,2.3532138093015647,0.0,0.0,0.938531344137756,0.5819562474246921,1.0,45.85260495866871,20.368468659864224,74.49332851583739,467.6962181134028,grid_runs/trp_cage_ff-amber_chi-selective_hb-0.6_sasa-0.6_vdwr-0.1_vdwa-0.1/native/trp_cage_native_score.csv,grid_runs/trp_cage_ff-amber_chi-selective_hb-0.6_sasa-0.6_vdwr-0.1_vdwa-0.1/native,trp_cage (2JOF)
trp_cage,2JOF,/home/raubenb/gitrepos/QTF/2JOF.pdb,trp_cage_ff-amber_chi-selective_hb-0.6_sasa-0.6_vdwr-0.1_vdwa-0.15,trp_cage,/home/raubenb/gitrepos/QTF/2JOF.pdb,A,1,20,DAYAQWLKDGGPSSGRPPPS,amber,selective,0.6,0.6,0.1,0.15,20,456.07004550336353,11.25388240814209,6.910665512084961,10.427457331256708,6.426422477936852,0.6042766997119539,71,57,121.3991787567774,94.04704346923354,-78.3249148705202,-130.54152478420033,46.58101954162132,0.0,331.66401818834913,-34.878517830117886,-0.195569784775577,0.0,-26.5754257765058,2.3532138093015647,2.3532138093015647,0.0,0.0,0.938531344137756,0.5819562474246921,1.0,45.85260495866871,20.368468659864224,74.49332851583739,456.07004550336353,grid_runs/trp_cage_ff-amber_chi-selective_hb-0.6_sasa-0.6_vdwr-0.1_vdwa-0.15/native/trp_cage_native_score.csv,grid_runs/trp_cage_ff-amber_chi-selective_hb-0.6_sasa-0.6_vdwr-0.1_vdwa-0.15/native,trp_cage (2JOF)
trp_cage,2JOF,/home/raubenb/gitrepos/QTF/2JOF.pdb,trp_cage_ff-amber_chi-selective_hb-0.6_sasa-0.7_vdwr-0.05_vdwa-0.1,trp_cage,/home/raubenb/gitrepos/QTF/2JOF.pdb,A,1,20,DAYAQWLKDGGPSSGRPPPS,amber,selective,0.6,0.7,0.05,0.1,20,317.53871626410046,11.25388240814209,6.910665512084961,10.427457331256708,6.426422477936852,0.6042766997119539,71,57,121.3991787567774,109.7215507141058,-78.3249148705202,-130.54152478420033,46.58101954162132,0.0,165.83200909417457,-23.25234522007859,-0.195569784775577,0.0,-26.5754257765058,2.3532138093015647,2.3532138093015647,0.0,0.0,0.938531344137756,0.5819562474246921,1.0,45.85260495866871,20.368468659864224,74.49332851583739,317.53871626410046,grid_runs/trp_cage_ff-amber_chi-selective_hb-0.6_sasa-0.7_vdwr-0.05_vdwa-0.1/native/trp_cage_native_score.csv,grid_runs/trp_cage_ff-amber_chi-selective_hb-0.6_sasa-0.7_vdwr-0.05_vdwa-0.1/native,trp_cage (2JOF)
trp_cage,2JOF,/home/raubenb/gitrepos/QTF/2JOF.pdb,trp_cage_ff-amber_chi-selective_hb-0.6_sasa-0.7_vdwr-0.05_vdwa-0.15,trp_cage,/home/raubenb/gitrepos/QTF/2JOF.pdb,A,1,20,DAYAQWLKDGGPSSGRPPPS,amber,selective,0.6,0.7,0.05,0.15,20,305.9125436540612,11.25388240814209,6.910665512084961,10.427457331256708,6.426422477936852,0.6042766997119539,71,57,121.3991787567774,109.7215507141058,-78.3249148705202,-130.54152478420033,46.58101954162132,0.0,165.83200909417457,-34.878517830117886,-0.195569784775577,0.0,-26.5754257765058,2.3532138093015647,2.3532138093015647,0.0,0.0,0.938531344137756,0.5819562474246921,1.0,45.85260495866871,20.368468659864224,74.49332851583739,305.9125436540612,grid_runs/trp_cage_ff-amber_chi-selective_hb-0.6_sasa-0.7_vdwr-0.05_vdwa-0.15/native/trp_cage_native_score.csv,grid_runs/trp_cage_ff-amber_chi-selective_hb-0.6_sasa-0.7_vdwr-0.05_vdwa-0.15/native,trp_cage (2JOF)
trp_cage,2JOF,/home/raubenb/gitrepos/QTF/2JOF.pdb,trp_cage_ff-amber_chi-selective_hb-0.6_sasa-0.7_vdwr-0.1_vdwa-0.1,trp_cage,/home/raubenb/gitrepos/QTF/2JOF.pdb,A,1,20,DAYAQWLKDGGPSSGRPPPS,amber,selective,0.6,0.7,0.1,0.1,20,483.3707253582751,11.25388240814209,6.910665512084961,10.427457331256708,6.426422477936852,0.6042766997119539,71,57,121.3991787567774,109.7215507141058,-78.3249148705202,-130.54152478420033,46.58101954162132,0.0,331.66401818834913,-23.25234522007859,-0.195569784775577,0.0,-26.5754257765058,2.3532138093015647,2.3532138093015647,0.0,0.0,0.938531344137756,0.5819562474246921,1.0,45.85260495866871,20.368468659864224,74.49332851583739,483.3707253582751,grid_runs/trp_cage_ff-amber_chi-selective_hb-0.6_sasa-0.7_vdwr-0.1_vdwa-0.1/native/trp_cage_native_score.csv,grid_runs/trp_cage_ff-amber_chi-selective_hb-0.6_sasa-0.7_vdwr-0.1_vdwa-0.1/native,trp_cage (2JOF)
trp_cage,2JOF,/home/raubenb/gitrepos/QTF/2JOF.pdb,trp_cage_ff-amber_chi-selective_hb-0.6_sasa-0.7_vdwr-0.1_vdwa-0.15,trp_cage,/home/raubenb/gitrepos/QTF/2JOF.pdb,A,1,20,DAYAQWLKDGGPSSGRPPPS,amber,selective,0.6,0.7,0.1,0.15,20,471.74455274823583,11.25388240814209,6.910665512084961,10.427457331256708,6.426422477936852,0.6042766997119539,71,57,121.3991787567774,109.7215507141058,-78.3249148705202,-130.54152478420033,46.58101954162132,0.0,331.66401818834913,-34.878517830117886,-0.195569784775577,0.0,-26.5754257765058,2.3532138093015647,2.3532138093015647,0.0,0.0,0.938531344137756,0.5819562474246921,1.0,45.85260495866871,20.368468659864224,74.49332851583739,471.74455274823583,grid_runs/trp_cage_ff-amber_chi-selective_hb-0.6_sasa-0.7_vdwr-0.1_vdwa-0.15/native/trp_cage_native_score.csv,grid_runs/trp_cage_ff-amber_chi-selective_hb-0.6_sasa-0.7_vdwr-0.1_vdwa-0.15/native,trp_cage (2JOF)
trp_cage,2JOF,/home/raubenb/gitrepos/QTF/2JOF.pdb,trp_cage_ff-amber_chi-selective_hb-0.6_sasa-0.8_vdwr-0.05_vdwa-0.1,trp_cage,/home/raubenb/gitrepos/QTF/2JOF.pdb,A,1,20,DAYAQWLKDGGPSSGRPPPS,amber,selective,0.6,0.8,0.05,0.1,20,333.2132235089728,11.25388240814209,6.910665512084961,10.427457331256708,6.426422477936852,0.6042766997119539,71,57,121.3991787567774,125.39605795897806,-78.3249148705202,-130.54152478420033,46.58101954162132,0.0,165.83200909417457,-23.25234522007859,-0.195569784775577,0.0,-26.5754257765058,2.3532138093015647,2.3532138093015647,0.0,0.0,0.938531344137756,0.5819562474246921,1.0,45.85260495866871,20.368468659864224,74.49332851583739,333.2132235089728,grid_runs/trp_cage_ff-amber_chi-selective_hb-0.6_sasa-0.8_vdwr-0.05_vdwa-0.1/native/trp_cage_native_score.csv,grid_runs/trp_cage_ff-amber_chi-selective_hb-0.6_sasa-0.8_vdwr-0.05_vdwa-0.1/native,trp_cage (2JOF)
trp_cage,2JOF,/home/raubenb/gitrepos/QTF/2JOF.pdb,trp_cage_ff-amber_chi-selective_hb-0.6_sasa-0.8_vdwr-0.05_vdwa-0.15,trp_cage,/home/raubenb/gitrepos/QTF/2JOF.pdb,A,1,20,DAYAQWLKDGGPSSGRPPPS,amber,selective,0.6,0.8,0.05,0.15,20,321.5870508989335,11.25388240814209,6.910665512084961,10.427457331256708,6.426422477936852,0.6042766997119539,71,57,121.3991787567774,125.39605795897806,-78.3249148705202,-130.54152478420033,46.58101954162132,0.0,165.83200909417457,-34.878517830117886,-0.195569784775577,0.0,-26.5754257765058,2.3532138093015647,2.3532138093015647,0.0,0.0,0.938531344137756,0.5819562474246921,1.0,45.85260495866871,20.368468659864224,74.49332851583739,321.5870508989335,grid_runs/trp_cage_ff-amber_chi-selective_hb-0.6_sasa-0.8_vdwr-0.05_vdwa-0.15/native/trp_cage_native_score.csv,grid_runs/trp_cage_ff-amber_chi-selective_hb-0.6_sasa-0.8_vdwr-0.05_vdwa-0.15/native,trp_cage (2JOF)
trp_cage,2JOF,/home/raubenb/gitrepos/QTF/2JOF.pdb,trp_cage_ff-amber_chi-selective_hb-0.6_sasa-0.8_vdwr-0.1_vdwa-0.1,trp_cage,/home/raubenb/gitrepos/QTF/2JOF.pdb,A,1,20,DAYAQWLKDGGPSSGRPPPS,amber,selective,0.6,0.8,0.1,0.1,20,499.04523260314727,11.25388240814209,6.910665512084961,10.427457331256708,6.426422477936852,0.6042766997119539,71,57,121.3991787567774,125.39605795897806,-78.3249148705202,-130.54152478420033,46.58101954162132,0.0,331.66401818834913,-23.25234522007859,-0.195569784775577,0.0,-26.5754257765058,2.3532138093015647,2.3532138093015647,0.0,0.0,0.938531344137756,0.5819562474246921,1.0,45.85260495866871,20.368468659864224,74.49332851583739,499.04523260314727,grid_runs/trp_cage_ff-amber_chi-selective_hb-0.6_sasa-0.8_vdwr-0.1_vdwa-0.1/native/trp_cage_native_score.csv,grid_runs/trp_cage_ff-amber_chi-selective_hb-0.6_sasa-0.8_vdwr-0.1_vdwa-0.1/native,trp_cage (2JOF)
trp_cage,2JOF,/home/raubenb/gitrepos/QTF/2JOF.pdb,trp_cage_ff-amber_chi-selective_hb-0.6_sasa-0.8_vdwr-0.1_vdwa-0.15,trp_cage,/home/raubenb/gitrepos/QTF/2JOF.pdb,A,1,20,DAYAQWLKDGGPSSGRPPPS,amber,selective,0.6,0.8,0.1,0.15,20,487.419059993108,11.25388240814209,6.910665512084961,10.427457331256708,6.426422477936852,0.6042766997119539,71,57,121.3991787567774,125.39605795897806,-78.3249148705202,-130.54152478420033,46.58101954162132,0.0,331.66401818834913,-34.878517830117886,-0.195569784775577,0.0,-26.5754257765058,2.3532138093015647,2.3532138093015647,0.0,0.0,0.938531344137756,0.5819562474246921,1.0,45.85260495866871,20.368468659864224,74.49332851583739,487.419059993108,grid_runs/trp_cage_ff-amber_chi-selective_hb-0.6_sasa-0.8_vdwr-0.1_vdwa-0.15/native/trp_cage_native_score.csv,grid_runs/trp_cage_ff-amber_chi-selective_hb-0.6_sasa-0.8_vdwr-0.1_vdwa-0.15/native,trp_cage (2JOF)
trp_cage,2JOF,/home/raubenb/gitrepos/QTF/2JOF.pdb,trp_cage_ff-amber_chi-selective_hb-0.75_sasa-0.6_vdwr-0.05_vdwa-0.1,trp_cage,/home/raubenb/gitrepos/QTF/2JOF.pdb,A,1,20,DAYAQWLKDGGPSSGRPPPS,amber,selective,0.75,0.6,0.05,0.1,20,282.2829803015982,11.25388240814209,6.910665512084961,10.427457331256708,6.426422477936852,0.6042766997119539,71,57,121.3991787567774,94.04704346923354,-97.90614358815026,-130.54152478420033,46.58101954162132,0.0,165.83200909417457,-23.25234522007859,-0.195569784775577,0.0,-26.5754257765058,2.3532138093015647,2.3532138093015647,0.0,0.0,0.938531344137756,0.5819562474246921,1.0,45.85260495866871,20.368468659864224,74.49332851583739,282.2829803015982,grid_runs/trp_cage_ff-amber_chi-selective_hb-0.75_sasa-0.6_vdwr-0.05_vdwa-0.1/native/trp_cage_native_score.csv,grid_runs/trp_cage_ff-amber_chi-selective_hb-0.75_sasa-0.6_vdwr-0.05_vdwa-0.1/native,trp_cage (2JOF)
trp_cage,2JOF,/home/raubenb/gitrepos/QTF/2JOF.pdb,trp_cage_ff-amber_chi-selective_hb-0.75_sasa-0.6_vdwr-0.05_vdwa-0.15,trp_cage,/home/raubenb/gitrepos/QTF/2JOF.pdb,A,1,20,DAYAQWLKDGGPSSGRPPPS,amber,selective,0.75,0.6,0.05,0.15,20,270.6568076915589,11.25388240814209,6.910665512084961,10.427457331256708,6.426422477936852,0.6042766997119539,71,57,121.3991787567774,94.04704346923354,-97.90614358815026,-130.54152478420033,46.58101954162132,0.0,165.83200909417457,-34.878517830117886,-0.195569784775577,0.0,-26.5754257765058,2.3532138093015647,2.3532138093015647,0.0,0.0,0.938531344137756,0.5819562474246921,1.0,45.85260495866871,20.368468659864224,74.49332851583739,270.6568076915589,grid_runs/trp_cage_ff-amber_chi-selective_hb-0.75_sasa-0.6_vdwr-0.05_vdwa-0.15/native/trp_cage_native_score.csv,grid_runs/trp_cage_ff-amber_chi-selective_hb-0.75_sasa-0.6_vdwr-0.05_vdwa-0.15/native,trp_cage (2JOF)
trp_cage,2JOF,/home/raubenb/gitrepos/QTF/2JOF.pdb,trp_cage_ff-amber_chi-selective_hb-0.75_sasa-0.6_vdwr-0.1_vdwa-0.1,trp_cage,/home/raubenb/gitrepos/QTF/2JOF.pdb,A,1,20,DAYAQWLKDGGPSSGRPPPS,amber,selective,0.75,0.6,0.1,0.1,20,448.1149893957728,11.25388240814209,6.910665512084961,10.427457331256708,6.426422477936852,0.6042766997119539,71,57,121.3991787567774,94.04704346923354,-97.90614358815026,-130.54152478420033,46.58101954162132,0.0,331.66401818834913,-23.25234522007859,-0.195569784775577,0.0,-26.5754257765058,2.3532138093015647,2.3532138093015647,0.0,0.0,0.938531344137756,0.5819562474246921,1.0,45.85260495866871,20.368468659864224,74.49332851583739,448.1149893957728,grid_runs/trp_cage_ff-amber_chi-selective_hb-0.75_sasa-0.6_vdwr-0.1_vdwa-0.1/native/trp_cage_native_score.csv,grid_runs/trp_cage_ff-amber_chi-selective_hb-0.75_sasa-0.6_vdwr-0.1_vdwa-0.1/native,trp_cage (2JOF)
trp_cage,2JOF,/home/raubenb/gitrepos/QTF/2JOF.pdb,trp_cage_ff-amber_chi-selective_hb-0.75_sasa-0.6_vdwr-0.1_vdwa-0.15,trp_cage,/home/raubenb/gitrepos/QTF/2JOF.pdb,A,1,20,DAYAQWLKDGGPSSGRPPPS,amber,selective,0.75,0.6,0.1,0.15,20,436.4888167857336,11.25388240814209,6.910665512084961,10.427457331256708,6.426422477936852,0.6042766997119539,71,57,121.3991787567774,94.04704346923354,-97.90614358815026,-130.54152478420033,46.58101954162132,0.0,331.66401818834913,-34.878517830117886,-0.195569784775577,0.0,-26.5754257765058,2.3532138093015647,2.3532138093015647,0.0,0.0,0.938531344137756,0.5819562474246921,1.0,45.85260495866871,20.368468659864224,74.49332851583739,436.4888167857336,grid_runs/trp_cage_ff-amber_chi-selective_hb-0.75_sasa-0.6_vdwr-0.1_vdwa-0.15/native/trp_cage_native_score.csv,grid_runs/trp_cage_ff-amber_chi-selective_hb-0.75_sasa-0.6_vdwr-0.1_vdwa-0.15/native,trp_cage (2JOF)
trp_cage,2JOF,/home/raubenb/gitrepos/QTF/2JOF.pdb,trp_cage_ff-amber_chi-selective_hb-0.75_sasa-0.7_vdwr-0.05_vdwa-0.1,trp_cage,/home/raubenb/gitrepos/QTF/2JOF.pdb,A,1,20,DAYAQWLKDGGPSSGRPPPS,amber,selective,0.75,0.7,0.05,0.1,20,297.9574875464705,11.25388240814209,6.910665512084961,10.427457331256708,6.426422477936852,0.6042766997119539,71,57,121.3991787567774,109.7215507141058,-97.90614358815026,-130.54152478420033,46.58101954162132,0.0,165.83200909417457,-23.25234522007859,-0.195569784775577,0.0,-26.5754257765058,2.3532138093015647,2.3532138093015647,0.0,0.0,0.938531344137756,0.5819562474246921,1.0,45.85260495866871,20.368468659864224,74.49332851583739,297.9574875464705,grid_runs/trp_cage_ff-amber_chi-selective_hb-0.75_sasa-0.7_vdwr-0.05_vdwa-0.1/native/trp_cage_native_score.csv,grid_runs/trp_cage_ff-amber_chi-selective_hb-0.75_sasa-0.7_vdwr-0.05_vdwa-0.1/native,trp_cage (2JOF)
trp_cage,2JOF,/home/raubenb/gitrepos/QTF/2JOF.pdb,trp_cage_ff-amber_chi-selective_hb-0.75_sasa-0.7_vdwr-0.05_vdwa-0.15,trp_cage,/home/raubenb/gitrepos/QTF/2JOF.pdb,A,1,20,DAYAQWLKDGGPSSGRPPPS,amber,selective,0.75,0.7,0.05,0.15,20,286.3313149364312,11.25388240814209,6.910665512084961,10.427457331256708,6.426422477936852,0.6042766997119539,71,57,121.3991787567774,109.7215507141058,-97.90614358815026,-130.54152478420033,46.58101954162132,0.0,165.83200909417457,-34.878517830117886,-0.195569784775577,0.0,-26.5754257765058,2.3532138093015647,2.3532138093015647,0.0,0.0,0.938531344137756,0.5819562474246921,1.0,45.85260495866871,20.368468659864224,74.49332851583739,286.3313149364312,grid_runs/trp_cage_ff-amber_chi-selective_hb-0.75_sasa-0.7_vdwr-0.05_vdwa-0.15/native/trp_cage_native_score.csv,grid_runs/trp_cage_ff-amber_chi-selective_hb-0.75_sasa-0.7_vdwr-0.05_vdwa-0.15/native,trp_cage (2JOF)
trp_cage,2JOF,/home/raubenb/gitrepos/QTF/2JOF.pdb,trp_cage_ff-amber_chi-selective_hb-0.75_sasa-0.7_vdwr-0.1_vdwa-0.1,trp_cage,/home/raubenb/gitrepos/QTF/2JOF.pdb,A,1,20,DAYAQWLKDGGPSSGRPPPS,amber,selective,0.75,0.7,0.1,0.1,20,463.789496640645,11.25388240814209,6.910665512084961,10.427457331256708,6.426422477936852,0.6042766997119539,71,57,121.3991787567774,109.7215507141058,-97.90614358815026,-130.54152478420033,46.58101954162132,0.0,331.66401818834913,-23.25234522007859,-0.195569784775577,0.0,-26.5754257765058,2.3532138093015647,2.3532138093015647,0.0,0.0,0.938531344137756,0.5819562474246921,1.0,45.85260495866871,20.368468659864224,74.49332851583739,463.789496640645,grid_runs/trp_cage_ff-amber_chi-selective_hb-0.75_sasa-0.7_vdwr-0.1_vdwa-0.1/native/trp_cage_native_score.csv,grid_runs/trp_cage_ff-amber_chi-selective_hb-0.75_sasa-0.7_vdwr-0.1_vdwa-0.1/native,trp_cage (2JOF)
trp_cage,2JOF,/home/raubenb/gitrepos/QTF/2JOF.pdb,trp_cage_ff-amber_chi-selective_hb-0.75_sasa-0.7_vdwr-0.1_vdwa-0.15,trp_cage,/home/raubenb/gitrepos/QTF/2JOF.pdb,A,1,20,DAYAQWLKDGGPSSGRPPPS,amber,selective,0.75,0.7,0.1,0.15,20,452.16332403060574,11.25388240814209,6.910665512084961,10.427457331256708,6.426422477936852,0.6042766997119539,71,57,121.3991787567774,109.7215507141058,-97.90614358815026,-130.54152478420033,46.58101954162132,0.0,331.66401818834913,-34.878517830117886,-0.195569784775577,0.0,-26.5754257765058,2.3532138093015647,2.3532138093015647,0.0,0.0,0.938531344137756,0.5819562474246921,1.0,45.85260495866871,20.368468659864224,74.49332851583739,452.16332403060574,grid_runs/trp_cage_ff-amber_chi-selective_hb-0.75_sasa-0.7_vdwr-0.1_vdwa-0.15/native/trp_cage_native_score.csv,grid_runs/trp_cage_ff-amber_chi-selective_hb-0.75_sasa-0.7_vdwr-0.1_vdwa-0.15/native,trp_cage (2JOF)
trp_cage,2JOF,/home/raubenb/gitrepos/QTF/2JOF.pdb,trp_cage_ff-amber_chi-selective_hb-0.75_sasa-0.8_vdwr-0.05_vdwa-0.1,trp_cage,/home/raubenb/gitrepos/QTF/2JOF.pdb,A,1,20,DAYAQWLKDGGPSSGRPPPS,amber,selective,0.75,0.8,0.05,0.1,20,313.63199479134266,11.25388240814209,6.910665512084961,10.427457331256708,6.426422477936852,0.6042766997119539,71,57,121.3991787567774,125.39605795897806,-97.90614358815026,-130.54152478420033,46.58101954162132,0.0,165.83200909417457,-23.25234522007859,-0.195569784775577,0.0,-26.5754257765058,2.3532138093015647,2.3532138093015647,0.0,0.0,0.938531344137756,0.5819562474246921,1.0,45.85260495866871,20.368468659864224,74.49332851583739,313.63199479134266,grid_runs/trp_cage_ff-amber_chi-selective_hb-0.75_sasa-0.8_vdwr-0.05_vdwa-0.1/native/trp_cage_native_score.csv,grid_runs/trp_cage_ff-amber_chi-selective_hb-0.75_sasa-0.8_vdwr-0.05_vdwa-0.1/native,trp_cage (2JOF)
trp_cage,2JOF,/home/raubenb/gitrepos/QTF/2JOF.pdb,trp_cage_ff-amber_chi-selective_hb-0.75_sasa-0.8_vdwr-0.05_vdwa-0.15,trp_cage,/home/raubenb/gitrepos/QTF/2JOF.pdb,A,1,20,DAYAQWLKDGGPSSGRPPPS,amber,selective,0.75,0.8,0.05,0.15,20,302.0058221813034,11.25388240814209,6.910665512084961,10.427457331256708,6.426422477936852,0.6042766997119539,71,57,121.3991787567774,125.39605795897806,-97.90614358815026,-130.54152478420033,46.58101954162132,0.0,165.83200909417457,-34.878517830117886,-0.195569784775577,0.0,-26.5754257765058,2.3532138093015647,2.3532138093015647,0.0,0.0,0.938531344137756,0.5819562474246921,1.0,45.85260495866871,20.368468659864224,74.49332851583739,302.0058221813034,grid_runs/trp_cage_ff-amber_chi-selective_hb-0.75_sasa-0.8_vdwr-0.05_vdwa-0.15/native/trp_cage_native_score.csv,grid_runs/trp_cage_ff-amber_chi-selective_hb-0.75_sasa-0.8_vdwr-0.05_vdwa-0.15/native,trp_cage (2JOF)
trp_cage,2JOF,/home/raubenb/gitrepos/QTF/2JOF.pdb,trp_cage_ff-amber_chi-selective_hb-0.75_sasa-0.8_vdwr-0.1_vdwa-0.1,trp_cage,/home/raubenb/gitrepos/QTF/2JOF.pdb,A,1,20,DAYAQWLKDGGPSSGRPPPS,amber,selective,0.75,0.8,0.1,0.1,20,479.4640038855173,11.25388240814209,6.910665512084961,10.427457331256708,6.426422477936852,0.6042766997119539,71,57,121.3991787567774,125.39605795897806,-97.90614358815026,-130.54152478420033,46.58101954162132,0.0,331.66401818834913,-23.25234522007859,-0.195569784775577,0.0,-26.5754257765058,2.3532138093015647,2.3532138093015647,0.0,0.0,0.938531344137756,0.5819562474246921,1.0,45.85260495866871,20.368468659864224,74.49332851583739,479.4640038855173,grid_runs/trp_cage_ff-amber_chi-selective_hb-0.75_sasa-0.8_vdwr-0.1_vdwa-0.1/native/trp_cage_native_score.csv,grid_runs/trp_cage_ff-amber_chi-selective_hb-0.75_sasa-0.8_vdwr-0.1_vdwa-0.1/native,trp_cage (2JOF)
trp_cage,2JOF,/home/raubenb/gitrepos/QTF/2JOF.pdb,trp_cage_ff-amber_chi-selective_hb-0.75_sasa-0.8_vdwr-0.1_vdwa-0.15,trp_cage,/home/raubenb/gitrepos/QTF/2JOF.pdb,A,1,20,DAYAQWLKDGGPSSGRPPPS,amber,selective,0.75,0.8,0.1,0.15,20,467.8378312754781,11.25388240814209,6.910665512084961,10.427457331256708,6.426422477936852,0.6042766997119539,71,57,121.3991787567774,125.39605795897806,-97.90614358815026,-130.54152478420033,46.58101954162132,0.0,331.66401818834913,-34.878517830117886,-0.195569784775577,0.0,-26.5754257765058,2.3532138093015647,2.3532138093015647,0.0,0.0,0.938531344137756,0.5819562474246921,1.0,45.85260495866871,20.368468659864224,74.49332851583739,467.8378312754781,grid_runs/trp_cage_ff-amber_chi-selective_hb-0.75_sasa-0.8_vdwr-0.1_vdwa-0.15/native/trp_cage_native_score.csv,grid_runs/trp_cage_ff-amber_chi-selective_hb-0.75_sasa-0.8_vdwr-0.1_vdwa-0.15/native,trp_cage (2JOF)
trp_cage,2JOF,/home/raubenb/gitrepos/QTF/2JOF.pdb,trp_cage_ff-amber_chi-selective_hb-1.0_sasa-0.6_vdwr-0.05_vdwa-0.1,trp_cage,/home/raubenb/gitrepos/QTF/2JOF.pdb,A,1,20,DAYAQWLKDGGPSSGRPPPS,amber,selective,1.0,0.6,0.05,0.1,20,249.6475991055481,11.25388240814209,6.910665512084961,10.427457331256708,6.426422477936852,0.6042766997119539,71,57,121.3991787567774,94.04704346923354,-130.54152478420033,-130.54152478420033,46.58101954162132,0.0,165.83200909417457,-23.25234522007859,-0.195569784775577,0.0,-26.5754257765058,2.3532138093015647,2.3532138093015647,0.0,0.0,0.938531344137756,0.5819562474246921,1.0,45.85260495866871,20.368468659864224,74.49332851583739,249.6475991055481,grid_runs/trp_cage_ff-amber_chi-selective_hb-1.0_sasa-0.6_vdwr-0.05_vdwa-0.1/native/trp_cage_native_score.csv,grid_runs/trp_cage_ff-amber_chi-selective_hb-1.0_sasa-0.6_vdwr-0.05_vdwa-0.1/native,trp_cage (2JOF)
trp_cage,2JOF,/home/raubenb/gitrepos/QTF/2JOF.pdb,trp_cage_ff-amber_chi-selective_hb-1.0_sasa-0.6_vdwr-0.05_vdwa-0.15,trp_cage,/home/raubenb/gitrepos/QTF/2JOF.pdb,A,1,20,DAYAQWLKDGGPSSGRPPPS,amber,selective,1.0,0.6,0.05,0.15,20,238.02142649550885,11.25388240814209,6.910665512084961,10.427457331256708,6.426422477936852,0.6042766997119539,71,57,121.3991787567774,94.04704346923354,-130.54152478420033,-130.54152478420033,46.58101954162132,0.0,165.83200909417457,-34.878517830117886,-0.195569784775577,0.0,-26.5754257765058,2.3532138093015647,2.3532138093015647,0.0,0.0,0.938531344137756,0.5819562474246921,1.0,45.85260495866871,20.368468659864224,74.49332851583739,238.02142649550885,grid_runs/trp_cage_ff-amber_chi-selective_hb-1.0_sasa-0.6_vdwr-0.05_vdwa-0.15/native/trp_cage_native_score.csv,grid_runs/trp_cage_ff-amber_chi-selective_hb-1.0_sasa-0.6_vdwr-0.05_vdwa-0.15/native,trp_cage (2JOF)
trp_cage,2JOF,/home/raubenb/gitrepos/QTF/2JOF.pdb,trp_cage_ff-amber_chi-selective_hb-1.0_sasa-0.6_vdwr-0.1_vdwa-0.1,trp_cage,/home/raubenb/gitrepos/QTF/2JOF.pdb,A,1,20,DAYAQWLKDGGPSSGRPPPS,amber,selective,1.0,0.6,0.1,0.1,20,415.4796081997226,11.25388240814209,6.910665512084961,10.427457331256708,6.426422477936852,0.6042766997119539,71,57,121.3991787567774,94.04704346923354,-130.54152478420033,-130.54152478420033,46.58101954162132,0.0,331.66401818834913,-23.25234522007859,-0.195569784775577,0.0,-26.5754257765058,2.3532138093015647,2.3532138093015647,0.0,0.0,0.938531344137756,0.5819562474246921,1.0,45.85260495866871,20.368468659864224,74.49332851583739,415.4796081997226,grid_runs/trp_cage_ff-amber_chi-selective_hb-1.0_sasa-0.6_vdwr-0.1_vdwa-0.1/native/trp_cage_native_score.csv,grid_runs/trp_cage_ff-amber_chi-selective_hb-1.0_sasa-0.6_vdwr-0.1_vdwa-0.1/native,trp_cage (2JOF)
trp_cage,2JOF,/home/raubenb/gitrepos/QTF/2JOF.pdb,trp_cage_ff-amber_chi-selective_hb-1.0_sasa-0.6_vdwr-0.1_vdwa-0.15,trp_cage,/home/raubenb/gitrepos/QTF/2JOF.pdb,A,1,20,DAYAQWLKDGGPSSGRPPPS,amber,selective,1.0,0.6,0.1,0.15,20,403.8534355896834,11.25388240814209,6.910665512084961,10.427457331256708,6.426422477936852,0.6042766997119539,71,57,121.3991787567774,94.04704346923354,-130.54152478420033,-130.54152478420033,46.58101954162132,0.0,331.66401818834913,-34.878517830117886,-0.195569784775577,0.0,-26.5754257765058,2.3532138093015647,2.3532138093015647,0.0,0.0,0.938531344137756,0.5819562474246921,1.0,45.85260495866871,20.368468659864224,74.49332851583739,403.8534355896834,grid_runs/trp_cage_ff-amber_chi-selective_hb-1.0_sasa-0.6_vdwr-0.1_vdwa-0.15/native/trp_cage_native_score.csv,grid_runs/trp_cage_ff-amber_chi-selective_hb-1.0_sasa-0.6_vdwr-0.1_vdwa-0.15/native,trp_cage (2JOF)
trp_cage,2JOF,/home/raubenb/gitrepos/QTF/2JOF.pdb,trp_cage_ff-amber_chi-selective_hb-1.0_sasa-0.7_vdwr-0.05_vdwa-0.1,trp_cage,/home/raubenb/gitrepos/QTF/2JOF.pdb,A,1,20,DAYAQWLKDGGPSSGRPPPS,amber,selective,1.0,0.7,0.05,0.1,20,265.3221063504203,11.25388240814209,6.910665512084961,10.427457331256708,6.426422477936852,0.6042766997119539,71,57,121.3991787567774,109.7215507141058,-130.54152478420033,-130.54152478420033,46.58101954162132,0.0,165.83200909417457,-23.25234522007859,-0.195569784775577,0.0,-26.5754257765058,2.3532138093015647,2.3532138093015647,0.0,0.0,0.938531344137756,0.5819562474246921,1.0,45.85260495866871,20.368468659864224,74.49332851583739,265.3221063504203,grid_runs/trp_cage_ff-amber_chi-selective_hb-1.0_sasa-0.7_vdwr-0.05_vdwa-0.1/native/trp_cage_native_score.csv,grid_runs/trp_cage_ff-amber_chi-selective_hb-1.0_sasa-0.7_vdwr-0.05_vdwa-0.1/native,trp_cage (2JOF)
trp_cage,2JOF,/home/raubenb/gitrepos/QTF/2JOF.pdb,trp_cage_ff-amber_chi-selective_hb-1.0_sasa-0.7_vdwr-0.05_vdwa-0.15,trp_cage,/home/raubenb/gitrepos/QTF/2JOF.pdb,A,1,20,DAYAQWLKDGGPSSGRPPPS,amber,selective,1.0,0.7,0.05,0.15,20,253.69593374038104,11.25388240814209,6.910665512084961,10.427457331256708,6.426422477936852,0.6042766997119539,71,57,121.3991787567774,109.7215507141058,-130.54152478420033,-130.54152478420033,46.58101954162132,0.0,165.83200909417457,-34.878517830117886,-0.195569784775577,0.0,-26.5754257765058,2.3532138093015647,2.3532138093015647,0.0,0.0,0.938531344137756,0.5819562474246921,1.0,45.85260495866871,20.368468659864224,74.49332851583739,253.69593374038104,grid_runs/trp_cage_ff-amber_chi-selective_hb-1.0_sasa-0.7_vdwr-0.05_vdwa-0.15/native/trp_cage_native_score.csv,grid_runs/trp_cage_ff-amber_chi-selective_hb-1.0_sasa-0.7_vdwr-0.05_vdwa-0.15/native,trp_cage (2JOF)
trp_cage,2JOF,/home/raubenb/gitrepos/QTF/2JOF.pdb,trp_cage_ff-amber_chi-selective_hb-1.0_sasa-0.7_vdwr-0.1_vdwa-0.1,trp_cage,/home/raubenb/gitrepos/QTF/2JOF.pdb,A,1,20,DAYAQWLKDGGPSSGRPPPS,amber,selective,1.0,0.7,0.1,0.1,20,431.1541154445949,11.25388240814209,6.910665512084961,10.427457331256708,6.426422477936852,0.6042766997119539,71,57,121.3991787567774,109.7215507141058,-130.54152478420033,-130.54152478420033,46.58101954162132,0.0,331.66401818834913,-23.25234522007859,-0.195569784775577,0.0,-26.5754257765058,2.3532138093015647,2.3532138093015647,0.0,0.0,0.938531344137756,0.5819562474246921,1.0,45.85260495866871,20.368468659864224,74.49332851583739,431.1541154445949,grid_runs/trp_cage_ff-amber_chi-selective_hb-1.0_sasa-0.7_vdwr-0.1_vdwa-0.1/native/trp_cage_native_score.csv,grid_runs/trp_cage_ff-amber_chi-selective_hb-1.0_sasa-0.7_vdwr-0.1_vdwa-0.1/native,trp_cage (2JOF)
trp_cage,2JOF,/home/raubenb/gitrepos/QTF/2JOF.pdb,trp_cage_ff-amber_chi-selective_hb-1.0_sasa-0.7_vdwr-0.1_vdwa-0.15,trp_cage,/home/raubenb/gitrepos/QTF/2JOF.pdb,A,1,20,DAYAQWLKDGGPSSGRPPPS,amber,selective,1.0,0.7,0.1,0.15,20,419.5279428345557,11.25388240814209,6.910665512084961,10.427457331256708,6.426422477936852,0.6042766997119539,71,57,121.3991787567774,109.7215507141058,-130.54152478420033,-130.54152478420033,46.58101954162132,0.0,331.66401818834913,-34.878517830117886,-0.195569784775577,0.0,-26.5754257765058,2.3532138093015647,2.3532138093015647,0.0,0.0,0.938531344137756,0.5819562474246921,1.0,45.85260495866871,20.368468659864224,74.49332851583739,419.5279428345557,grid_runs/trp_cage_ff-amber_chi-selective_hb-1.0_sasa-0.7_vdwr-0.1_vdwa-0.15/native/trp_cage_native_score.csv,grid_runs/trp_cage_ff-amber_chi-selective_hb-1.0_sasa-0.7_vdwr-0.1_vdwa-0.15/native,trp_cage (2JOF)
trp_cage,2JOF,/home/raubenb/gitrepos/QTF/2JOF.pdb,trp_cage_ff-amber_chi-selective_hb-1.0_sasa-0.8_vdwr-0.05_vdwa-0.1,trp_cage,/home/raubenb/gitrepos/QTF/2JOF.pdb,A,1,20,DAYAQWLKDGGPSSGRPPPS,amber,selective,1.0,0.8,0.05,0.1,20,280.9966135952926,11.25388240814209,6.910665512084961,10.427457331256708,6.426422477936852,0.6042766997119539,71,57,121.3991787567774,125.39605795897806,-130.54152478420033,-130.54152478420033,46.58101954162132,0.0,165.83200909417457,-23.25234522007859,-0.195569784775577,0.0,-26.5754257765058,2.3532138093015647,2.3532138093015647,0.0,0.0,0.938531344137756,0.5819562474246921,1.0,45.85260495866871,20.368468659864224,74.49332851583739,280.9966135952926,grid_runs/trp_cage_ff-amber_chi-selective_hb-1.0_sasa-0.8_vdwr-0.05_vdwa-0.1/native/trp_cage_native_score.csv,grid_runs/trp_cage_ff-amber_chi-selective_hb-1.0_sasa-0.8_vdwr-0.05_vdwa-0.1/native,trp_cage (2JOF)
trp_cage,2JOF,/home/raubenb/gitrepos/QTF/2JOF.pdb,trp_cage_ff-amber_chi-selective_hb-1.0_sasa-0.8_vdwr-0.05_vdwa-0.15,trp_cage,/home/raubenb/gitrepos/QTF/2JOF.pdb,A,1,20,DAYAQWLKDGGPSSGRPPPS,amber,selective,1.0,0.8,0.05,0.15,20,269.37044098525337,11.25388240814209,6.910665512084961,10.427457331256708,6.426422477936852,0.6042766997119539,71,57,121.3991787567774,125.39605795897806,-130.54152478420033,-130.54152478420033,46.58101954162132,0.0,165.83200909417457,-34.878517830117886,-0.195569784775577,0.0,-26.5754257765058,2.3532138093015647,2.3532138093015647,0.0,0.0,0.938531344137756,0.5819562474246921,1.0,45.85260495866871,20.368468659864224,74.49332851583739,269.37044098525337,grid_runs/trp_cage_ff-amber_chi-selective_hb-1.0_sasa-0.8_vdwr-0.05_vdwa-0.15/native/trp_cage_native_score.csv,grid_runs/trp_cage_ff-amber_chi-selective_hb-1.0_sasa-0.8_vdwr-0.05_vdwa-0.15/native,trp_cage (2JOF)
trp_cage,2JOF,/home/raubenb/gitrepos/QTF/2JOF.pdb,trp_cage_ff-amber_chi-selective_hb-1.0_sasa-0.8_vdwr-0.1_vdwa-0.1,trp_cage,/home/raubenb/gitrepos/QTF/2JOF.pdb,A,1,20,DAYAQWLKDGGPSSGRPPPS,amber,selective,1.0,0.8,0.1,0.1,20,446.8286226894671,11.25388240814209,6.910665512084961,10.427457331256708,6.426422477936852,0.6042766997119539,71,57,121.3991787567774,125.39605795897806,-130.54152478420033,-130.54152478420033,46.58101954162132,0.0,331.66401818834913,-23.25234522007859,-0.195569784775577,0.0,-26.5754257765058,2.3532138093015647,2.3532138093015647,0.0,0.0,0.938531344137756,0.5819562474246921,1.0,45.85260495866871,20.368468659864224,74.49332851583739,446.8286226894671,grid_runs/trp_cage_ff-amber_chi-selective_hb-1.0_sasa-0.8_vdwr-0.1_vdwa-0.1/native/trp_cage_native_score.csv,grid_runs/trp_cage_ff-amber_chi-selective_hb-1.0_sasa-0.8_vdwr-0.1_vdwa-0.1/native,trp_cage (2JOF)
trp_cage,2JOF,/home/raubenb/gitrepos/QTF/2JOF.pdb,trp_cage_ff-amber_chi-selective_hb-1.0_sasa-0.8_vdwr-0.1_vdwa-0.15,trp_cage,/home/raubenb/gitrepos/QTF/2JOF.pdb,A,1,20,DAYAQWLKDGGPSSGRPPPS,amber,selective,1.0,0.8,0.1,0.15,20,435.2024500794279,11.25388240814209,6.910665512084961,10.427457331256708,6.426422477936852,0.6042766997119539,71,57,121.3991787567774,125.39605795897806,-130.54152478420033,-130.54152478420033,46.58101954162132,0.0,331.66401818834913,-34.878517830117886,-0.195569784775577,0.0,-26.5754257765058,2.3532138093015647,2.3532138093015647,0.0,0.0,0.938531344137756,0.5819562474246921,1.0,45.85260495866871,20.368468659864224,74.49332851583739,435.2024500794279,grid_runs/trp_cage_ff-amber_chi-selective_hb-1.0_sasa-0.8_vdwr-0.1_vdwa-0.15/native/trp_cage_native_score.csv,grid_runs/trp_cage_ff-amber_chi-selective_hb-1.0_sasa-0.8_vdwr-0.1_vdwa-0.15/native,trp_cage (2JOF)
