experiment_id,protein_name,protein_label,reference_pdb_id,reference_pdb_path,sequence,forcefield,chi_mode,hbond_scale,sasa_scale,vdw_rep_scale,vdw_attr_scale,n_beam_rows,native_like_count,non_native_count,native_like_thresh,best_energy,best_energy_rmsd,best_energy_rank,best_energy_e2e,best_energy_rg,best_rmsd,best_rmsd_energy,best_rmsd_rank,best_rmsd_e2e,best_rmsd_rg,native_energy,native_rebuilt_rmsd,native_rebuilt_e2e,native_rebuilt_rg,native_end_to_end,native_rg
MBH12_ff-amber_chi-selective_hb-0.6_sasa-0.6_vdwr-0.05_vdwa-0.1,MBH12,MBH12 (1K43),1K43,/home/raubenb/gitrepos/QTF/1K43.pdb,RGKWTYNGITYEGR,amber,selective,0.6,0.6,0.05,0.1,200,0,200,2.0,-49.99005903817171,5.104207065848606,1,6.646244885063433,5.307970391285293,4.445673616136651,-19.243819932676782,111,8.178404498682388,5.0935676260976175,154.93966862066543,0.2503233328232777,5.378514054161915,6.475586512579639,6.053646087646484,6.613679885864258
MBH12_ff-amber_chi-selective_hb-0.6_sasa-0.6_vdwr-0.05_vdwa-0.15,MBH12,MBH12 (1K43),1K43,/home/raubenb/gitrepos/QTF/1K43.pdb,RGKWTYNGITYEGR,amber,selective,0.6,0.6,0.05,0.15,200,0,200,2.0,-57.14859777205604,5.104207065848606,1,6.646244885063433,5.307970391285293,4.445673616136651,-26.614095825269278,125,8.178404498682388,5.0935676260976175,150.15166133894945,0.2503233328232777,5.378514054161915,6.475586512579639,6.053646087646484,6.613679885864258
MBH12_ff-amber_chi-selective_hb-0.6_sasa-0.6_vdwr-0.1_vdwa-0.1,MBH12,MBH12 (1K43),1K43,/home/raubenb/gitrepos/QTF/1K43.pdb,RGKWTYNGITYEGR,amber,selective,0.6,0.6,0.1,0.1,200,0,200,2.0,2.6985193230801388,4.576702465188334,1,6.292092909666457,5.751757811028684,4.447439337966653,33.62904752707393,121,8.031803606487806,5.092637958174528,199.07741179026263,0.2503233328232777,5.378514054161915,6.475586512579639,6.053646087646484,6.613679885864258
MBH12_ff-amber_chi-selective_hb-0.6_sasa-0.6_vdwr-0.1_vdwa-0.15,MBH12,MBH12 (1K43),1K43,/home/raubenb/gitrepos/QTF/1K43.pdb,RGKWTYNGITYEGR,amber,selective,0.6,0.6,0.1,0.15,200,0,200,2.0,0.9354325658318808,5.049120620763196,1,6.524223600619644,5.4907984310535065,4.447439337966653,27.371903819101057,111,8.031803606487806,5.092637958174528,194.28940450854668,0.2503233328232777,5.378514054161915,6.475586512579639,6.053646087646484,6.613679885864258
MBH12_ff-amber_chi-selective_hb-0.6_sasa-0.7_vdwr-0.05_vdwa-0.1,MBH12,MBH12 (1K43),1K43,/home/raubenb/gitrepos/QTF/1K43.pdb,RGKWTYNGITYEGR,amber,selective,0.6,0.7,0.05,0.1,200,0,200,2.0,-49.82340405780958,5.104207065848606,1,6.646244885063433,5.307970391285293,4.445673616136651,-17.861854159103927,128,8.178404498682388,5.0935676260976175,181.7337457716524,0.2503233328232777,5.378514054161915,6.475586512579639,6.053646087646484,6.613679885864258
MBH12_ff-amber_chi-selective_hb-0.6_sasa-0.7_vdwr-0.05_vdwa-0.15,MBH12,MBH12 (1K43),1K43,/home/raubenb/gitrepos/QTF/1K43.pdb,RGKWTYNGITYEGR,amber,selective,0.6,0.7,0.05,0.15,200,0,200,2.0,-56.98194279169392,5.104207065848606,1,6.646244885063433,5.307970391285293,4.445673616136651,-25.576655977677248,107,8.178404498682388,5.0935676260976175,176.9457384899364,0.2503233328232777,5.378514054161915,6.475586512579639,6.053646087646484,6.613679885864258
MBH12_ff-amber_chi-selective_hb-0.6_sasa-0.7_vdwr-0.1_vdwa-0.1,MBH12,MBH12 (1K43),1K43,/home/raubenb/gitrepos/QTF/1K43.pdb,RGKWTYNGITYEGR,amber,selective,0.6,0.7,0.1,0.1,200,0,200,2.0,5.708192437778412,4.576702465188334,1,6.292092909666457,5.751757811028684,4.447439337966653,35.04039396174989,108,8.031803606487806,5.092637958174528,225.8714889412496,0.2503233328232777,5.378514054161915,6.475586512579639,6.053646087646484,6.613679885864258
MBH12_ff-amber_chi-selective_hb-0.6_sasa-0.7_vdwr-0.1_vdwa-0.15,MBH12,MBH12 (1K43),1K43,/home/raubenb/gitrepos/QTF/1K43.pdb,RGKWTYNGITYEGR,amber,selective,0.6,0.7,0.1,0.15,200,0,200,2.0,-0.3638901742040294,4.576702465188334,1,6.292092909666457,5.751757811028684,4.447439337966653,28.510172775235453,101,8.031803606487806,5.092637958174528,221.0834816595336,0.2503233328232777,5.378514054161915,6.475586512579639,6.053646087646484,6.613679885864258
MBH12_ff-amber_chi-selective_hb-0.6_sasa-0.8_vdwr-0.05_vdwa-0.1,MBH12,MBH12 (1K43),1K43,/home/raubenb/gitrepos/QTF/1K43.pdb,RGKWTYNGITYEGR,amber,selective,0.6,0.8,0.05,0.1,200,0,200,2.0,-49.65674907744744,5.104207065848606,1,6.646244885063433,5.307970391285293,4.445673616136651,-16.47988838553107,91,8.178404498682388,5.0935676260976175,208.52782292263936,0.2503233328232777,5.378514054161915,6.475586512579639,6.053646087646484,6.613679885864258
MBH12_ff-amber_chi-selective_hb-0.6_sasa-0.8_vdwr-0.05_vdwa-0.15,MBH12,MBH12 (1K43),1K43,/home/raubenb/gitrepos/QTF/1K43.pdb,RGKWTYNGITYEGR,amber,selective,0.6,0.8,0.05,0.15,200,0,200,2.0,-56.81528781133178,5.104207065848606,1,6.646244885063433,5.307970391285293,4.445673616136651,-24.539216130085208,87,8.178404498682388,5.0935676260976175,203.73981564092335,0.2503233328232777,5.378514054161915,6.475586512579639,6.053646087646484,6.613679885864258
MBH12_ff-amber_chi-selective_hb-0.6_sasa-0.8_vdwr-0.1_vdwa-0.1,MBH12,MBH12 (1K43),1K43,/home/raubenb/gitrepos/QTF/1K43.pdb,RGKWTYNGITYEGR,amber,selective,0.6,0.8,0.1,0.1,200,0,200,2.0,14.771312419459903,4.606301826506934,1,6.407596402259517,5.6366404159208745,4.447439337966653,37.77799556248802,107,8.031803606487806,5.092637958174528,252.66556609223656,0.2503233328232777,5.378514054161915,6.475586512579639,6.053646087646484,6.613679885864258
MBH12_ff-amber_chi-selective_hb-0.6_sasa-0.8_vdwr-0.1_vdwa-0.15,MBH12,MBH12 (1K43),1K43,/home/raubenb/gitrepos/QTF/1K43.pdb,RGKWTYNGITYEGR,amber,selective,0.6,0.8,0.1,0.15,200,0,200,2.0,3.8728996670485065,5.049120620763196,1,6.524223600619644,5.4907984310535065,4.283192313718733,40.65282647278168,200,6.718209727849931,5.6505138734654885,247.87755881052064,0.2503233328232777,5.378514054161915,6.475586512579639,6.053646087646484,6.613679885864258
MBH12_ff-amber_chi-selective_hb-0.75_sasa-0.6_vdwr-0.05_vdwa-0.1,MBH12,MBH12 (1K43),1K43,/home/raubenb/gitrepos/QTF/1K43.pdb,RGKWTYNGITYEGR,amber,selective,0.75,0.6,0.05,0.1,200,0,200,2.0,-71.6067548942046,5.6602780280566485,1,7.3901425188303635,5.476267155020385,4.445673616136651,-42.03275263475548,87,8.178404498682388,5.0935676260976175,140.54466381030096,0.2503233328232777,5.378514054161915,6.475586512579639,6.053646087646484,6.613679885864258
MBH12_ff-amber_chi-selective_hb-0.75_sasa-0.6_vdwr-0.05_vdwa-0.15,MBH12,MBH12 (1K43),1K43,/home/raubenb/gitrepos/QTF/1K43.pdb,RGKWTYNGITYEGR,amber,selective,0.75,0.6,0.05,0.15,200,0,200,2.0,-79.55615497966245,5.6602780280566485,1,7.3901425188303635,5.476267155020385,4.445673616136651,-49.40302852734799,80,8.178404498682388,5.0935676260976175,135.75665652858498,0.2503233328232777,5.378514054161915,6.475586512579639,6.053646087646484,6.613679885864258
MBH12_ff-amber_chi-selective_hb-0.75_sasa-0.6_vdwr-0.1_vdwa-0.1,MBH12,MBH12 (1K43),1K43,/home/raubenb/gitrepos/QTF/1K43.pdb,RGKWTYNGITYEGR,amber,selective,0.75,0.6,0.1,0.1,200,0,200,2.0,-5.724152782405734,5.024228060464309,1,6.942465043001925,5.545606022794611,4.445673616136651,25.708528503354668,110,8.178404498682388,5.0935676260976175,184.6824069798982,0.2503233328232777,5.378514054161915,6.475586512579639,6.053646087646484,6.613679885864258
MBH12_ff-amber_chi-selective_hb-0.75_sasa-0.6_vdwr-0.1_vdwa-0.15,MBH12,MBH12 (1K43),1K43,/home/raubenb/gitrepos/QTF/1K43.pdb,RGKWTYNGITYEGR,amber,selective,0.75,0.6,0.1,0.15,200,0,200,2.0,-11.972097215902515,5.024228060464309,1,6.942465043001925,5.545606022794611,4.445673616136651,17.851244379990266,97,8.178404498682388,5.0935676260976175,179.8943996981822,0.2503233328232777,5.378514054161915,6.475586512579639,6.053646087646484,6.613679885864258
MBH12_ff-amber_chi-selective_hb-0.75_sasa-0.7_vdwr-0.05_vdwa-0.1,MBH12,MBH12 (1K43),1K43,/home/raubenb/gitrepos/QTF/1K43.pdb,RGKWTYNGITYEGR,amber,selective,0.75,0.7,0.05,0.1,200,0,200,2.0,-71.02187531708158,5.104207065848606,1,6.646244885063433,5.307970391285293,4.445673616136651,-40.650786861182624,87,8.178404498682388,5.0935676260976175,167.3387409612879,0.2503233328232777,5.378514054161915,6.475586512579639,6.053646087646484,6.613679885864258
MBH12_ff-amber_chi-selective_hb-0.75_sasa-0.7_vdwr-0.05_vdwa-0.15,MBH12,MBH12 (1K43),1K43,/home/raubenb/gitrepos/QTF/1K43.pdb,RGKWTYNGITYEGR,amber,selective,0.75,0.7,0.05,0.15,200,0,200,2.0,-78.18041405096591,5.104207065848606,1,6.646244885063433,5.307970391285293,4.445673616136651,-48.365588679755945,73,8.178404498682388,5.0935676260976175,162.55073367957192,0.2503233328232777,5.378514054161915,6.475586512579639,6.053646087646484,6.613679885864258
MBH12_ff-amber_chi-selective_hb-0.75_sasa-0.7_vdwr-0.1_vdwa-0.1,MBH12,MBH12 (1K43),1K43,/home/raubenb/gitrepos/QTF/1K43.pdb,RGKWTYNGITYEGR,amber,selective,0.75,0.7,0.1,0.1,200,0,200,2.0,-11.315178962447316,4.576702465188334,1,6.292092909666457,5.751757811028684,4.445673616136651,27.09049427692753,124,8.178404498682388,5.0935676260976175,211.47648413088515,0.2503233328232777,5.378514054161915,6.475586512579639,6.053646087646484,6.613679885864258
MBH12_ff-amber_chi-selective_hb-0.75_sasa-0.7_vdwr-0.1_vdwa-0.15,MBH12,MBH12 (1K43),1K43,/home/raubenb/gitrepos/QTF/1K43.pdb,RGKWTYNGITYEGR,amber,selective,0.75,0.7,0.1,0.15,200,0,200,2.0,-17.387261574429754,4.576702465188334,1,6.292092909666457,5.751757811028684,4.445673616136651,19.233210153563125,114,8.178404498682388,5.0935676260976175,206.68847684916915,0.2503233328232777,5.378514054161915,6.475586512579639,6.053646087646484,6.613679885864258
MBH12_ff-amber_chi-selective_hb-0.75_sasa-0.8_vdwr-0.05_vdwa-0.1,MBH12,MBH12 (1K43),1K43,/home/raubenb/gitrepos/QTF/1K43.pdb,RGKWTYNGITYEGR,amber,selective,0.75,0.8,0.05,0.1,200,0,200,2.0,-70.85522033671944,5.104207065848606,1,6.646244885063433,5.307970391285293,4.445673616136651,-39.268821087609766,86,8.178404498682388,5.0935676260976175,194.1328181122749,0.2503233328232777,5.378514054161915,6.475586512579639,6.053646087646484,6.613679885864258
MBH12_ff-amber_chi-selective_hb-0.75_sasa-0.8_vdwr-0.05_vdwa-0.15,MBH12,MBH12 (1K43),1K43,/home/raubenb/gitrepos/QTF/1K43.pdb,RGKWTYNGITYEGR,amber,selective,0.75,0.8,0.05,0.15,200,0,200,2.0,-78.01375907060378,5.104207065848606,1,6.646244885063433,5.307970391285293,4.445673616136651,-47.126105210974174,87,8.178404498682388,5.0935676260976175,189.34481083055888,0.2503233328232777,5.378514054161915,6.475586512579639,6.053646087646484,6.613679885864258
MBH12_ff-amber_chi-selective_hb-0.75_sasa-0.8_vdwr-0.1_vdwa-0.1,MBH12,MBH12 (1K43),1K43,/home/raubenb/gitrepos/QTF/1K43.pdb,RGKWTYNGITYEGR,amber,selective,0.75,0.8,0.1,0.1,200,0,200,2.0,-8.305505847749028,4.576702465188334,1,6.292092909666457,5.751757811028684,4.445673616136651,28.472460050500384,122,8.178404498682388,5.0935676260976175,238.2705612818721,0.2503233328232777,5.378514054161915,6.475586512579639,6.053646087646484,6.613679885864258
MBH12_ff-amber_chi-selective_hb-0.75_sasa-0.8_vdwr-0.1_vdwa-0.15,MBH12,MBH12 (1K43),1K43,/home/raubenb/gitrepos/QTF/1K43.pdb,RGKWTYNGITYEGR,amber,selective,0.75,0.8,0.1,0.15,200,0,200,2.0,-14.37758845973147,4.576702465188334,1,6.292092909666457,5.751757811028684,4.445673616136651,20.615175927135983,89,8.178404498682388,5.0935676260976175,233.4825540001561,0.2503233328232777,5.378514054161915,6.475586512579639,6.053646087646484,6.613679885864258
MBH12_ff-amber_chi-selective_hb-1.0_sasa-0.6_vdwr-0.05_vdwa-0.1,MBH12,MBH12 (1K43),1K43,/home/raubenb/gitrepos/QTF/1K43.pdb,RGKWTYNGITYEGR,amber,selective,1.0,0.6,0.05,0.1,200,0,200,2.0,-120.46153629732746,5.630360639398049,1,9.035393771549344,5.7112405976591285,4.445673616136651,-79.33400581192736,97,8.178404498682388,5.0935676260976175,116.55298912636016,0.2503233328232777,5.378514054161915,6.475586512579639,6.053646087646484,6.613679885864258
MBH12_ff-amber_chi-selective_hb-1.0_sasa-0.6_vdwr-0.05_vdwa-0.15,MBH12,MBH12 (1K43),1K43,/home/raubenb/gitrepos/QTF/1K43.pdb,RGKWTYNGITYEGR,amber,selective,1.0,0.6,0.05,0.15,200,0,200,2.0,-127.8352696991627,5.630360639398049,1,9.035393771549344,5.7112405976591285,4.445673616136651,-87.38458303081245,93,8.178404498682388,5.0935676260976175,111.76498184464418,0.2503233328232777,5.378514054161915,6.475586512579639,6.053646087646484,6.613679885864258
MBH12_ff-amber_chi-selective_hb-1.0_sasa-0.6_vdwr-0.1_vdwa-0.1,MBH12,MBH12 (1K43),1K43,/home/raubenb/gitrepos/QTF/1K43.pdb,RGKWTYNGITYEGR,amber,selective,1.0,0.6,0.1,0.1,200,0,200,2.0,-85.37341236375491,4.8531262871186,1,6.1948541327561175,5.182852964622936,4.8531262871186,-85.37341236375491,1,6.1948541327561175,5.182852964622936,160.6907322959574,0.2503233328232777,5.378514054161915,6.475586512579639,6.053646087646484,6.613679885864258
MBH12_ff-amber_chi-selective_hb-1.0_sasa-0.6_vdwr-0.1_vdwa-0.15,MBH12,MBH12 (1K43),1K43,/home/raubenb/gitrepos/QTF/1K43.pdb,RGKWTYNGITYEGR,amber,selective,1.0,0.6,0.1,0.15,200,0,200,2.0,-93.4113487768477,4.8531262871186,1,6.1948541327561175,5.182852964622936,4.8531262871186,-93.4113487768477,1,6.1948541327561175,5.182852964622936,155.9027250142414,0.2503233328232777,5.378514054161915,6.475586512579639,6.053646087646484,6.613679885864258
MBH12_ff-amber_chi-selective_hb-1.0_sasa-0.7_vdwr-0.05_vdwa-0.1,MBH12,MBH12 (1K43),1K43,/home/raubenb/gitrepos/QTF/1K43.pdb,RGKWTYNGITYEGR,amber,selective,1.0,0.7,0.05,0.1,200,0,200,2.0,-106.3526607492016,5.104207065848606,1,6.646244885063433,5.307970391285293,4.445673616136651,-78.63234136464713,47,8.178404498682388,5.0935676260976175,143.3470662773471,0.2503233328232777,5.378514054161915,6.475586512579639,6.053646087646484,6.613679885864258
MBH12_ff-amber_chi-selective_hb-1.0_sasa-0.7_vdwr-0.05_vdwa-0.15,MBH12,MBH12 (1K43),1K43,/home/raubenb/gitrepos/QTF/1K43.pdb,RGKWTYNGITYEGR,amber,selective,1.0,0.7,0.05,0.15,200,0,200,2.0,-126.76952659378716,5.630360639398049,1,9.035393771549344,5.7112405976591285,4.445673616136651,-86.48962548801153,82,8.178404498682388,5.0935676260976175,138.55905899563112,0.2503233328232777,5.378514054161915,6.475586512579639,6.053646087646484,6.613679885864258
MBH12_ff-amber_chi-selective_hb-1.0_sasa-0.7_vdwr-0.1_vdwa-0.1,MBH12,MBH12 (1K43),1K43,/home/raubenb/gitrepos/QTF/1K43.pdb,RGKWTYNGITYEGR,amber,selective,1.0,0.7,0.1,0.1,200,0,200,2.0,-67.36372638351911,5.703674399458206,1,9.035226849302424,5.822359914392813,4.445673616136651,-10.891060226536966,119,8.178404498682388,5.0935676260976175,187.48480944694435,0.2503233328232777,5.378514054161915,6.475586512579639,6.053646087646484,6.613679885864258
MBH12_ff-amber_chi-selective_hb-1.0_sasa-0.7_vdwr-0.1_vdwa-0.15,MBH12,MBH12 (1K43),1K43,/home/raubenb/gitrepos/QTF/1K43.pdb,RGKWTYNGITYEGR,amber,selective,1.0,0.7,0.1,0.15,200,0,200,2.0,-74.8336315564151,5.703674399458206,1,9.035226849302424,5.822359914392813,4.445673616136651,-13.756085684965198,198,8.178404498682388,5.0935676260976175,182.69680216522835,0.2503233328232777,5.378514054161915,6.475586512579639,6.053646087646484,6.613679885864258
MBH12_ff-amber_chi-selective_hb-1.0_sasa-0.8_vdwr-0.05_vdwa-0.1,MBH12,MBH12 (1K43),1K43,/home/raubenb/gitrepos/QTF/1K43.pdb,RGKWTYNGITYEGR,amber,selective,1.0,0.8,0.05,0.1,200,0,200,2.0,-109.52702437150964,5.955463893322904,1,5.704524570393185,5.294047215918222,3.90049236800513,-50.924028426419234,112,4.559090806738476,5.2959266115778485,170.14114342833403,0.2503233328232777,5.378514054161915,6.475586512579639,6.053646087646484,6.613679885864258
MBH12_ff-amber_chi-selective_hb-1.0_sasa-0.8_vdwr-0.05_vdwa-0.15,MBH12,MBH12 (1K43),1K43,/home/raubenb/gitrepos/QTF/1K43.pdb,RGKWTYNGITYEGR,amber,selective,1.0,0.8,0.05,0.15,200,0,200,2.0,-118.26750510478098,5.955463893322904,1,5.704524570393185,5.294047215918222,3.90049236800513,-63.71692347543844,100,4.559090806738476,5.2959266115778485,165.35313614661806,0.2503233328232777,5.378514054161915,6.475586512579639,6.053646087646484,6.613679885864258
MBH12_ff-amber_chi-selective_hb-1.0_sasa-0.8_vdwr-0.1_vdwa-0.1,MBH12,MBH12 (1K43),1K43,/home/raubenb/gitrepos/QTF/1K43.pdb,RGKWTYNGITYEGR,amber,selective,1.0,0.8,0.1,0.1,200,0,200,2.0,-77.65399245334042,5.5227394457276135,1,7.205550907896996,5.5487395731768565,4.4803235027367485,0.3123606954420417,163,6.67091495271231,5.892597032680428,214.2788865979313,0.2503233328232777,5.378514054161915,6.475586512579639,6.053646087646484,6.613679885864258
MBH12_ff-amber_chi-selective_hb-1.0_sasa-0.8_vdwr-0.1_vdwa-0.15,MBH12,MBH12 (1K43),1K43,/home/raubenb/gitrepos/QTF/1K43.pdb,RGKWTYNGITYEGR,amber,selective,1.0,0.8,0.1,0.15,200,0,200,2.0,-86.65693147138249,5.5227394457276135,1,7.205550907896996,5.5487395731768565,4.4803235027367485,-5.8470674952034685,172,6.67091495271231,5.892597032680428,209.49087931621528,0.2503233328232777,5.378514054161915,6.475586512579639,6.053646087646484,6.613679885864258
chignolin_ff-amber_chi-selective_hb-0.6_sasa-0.6_vdwr-0.05_vdwa-0.1,chignolin,chignolin (5AWL),5AWL,/home/raubenb/gitrepos/QTF/5AWL.pdb,YYDPETGTWY,amber,selective,0.6,0.6,0.05,0.1,200,0,200,2.0,42.463293952571306,3.4631321652513765,1,4.44556855819016,4.560609369576943,2.3263144857964804,75.06303232784441,29,6.181879226809858,4.490309055895783,237.5061534982696,0.777702935532632,5.127714784217623,4.491889973041613,5.508594512939453,4.848916530609131
chignolin_ff-amber_chi-selective_hb-0.6_sasa-0.6_vdwr-0.05_vdwa-0.15,chignolin,chignolin (5AWL),5AWL,/home/raubenb/gitrepos/QTF/5AWL.pdb,YYDPETGTWY,amber,selective,0.6,0.6,0.05,0.15,200,0,200,2.0,38.431100630514834,3.4631321652513765,1,4.44556855819016,4.560609369576943,2.3263144857964804,69.9003395328568,30,6.181879226809858,4.490309055895783,231.44202151347605,0.777702935532632,5.127714784217623,4.491889973041613,5.508594512939453,4.848916530609131
chignolin_ff-amber_chi-selective_hb-0.6_sasa-0.6_vdwr-0.1_vdwa-0.1,chignolin,chignolin (5AWL),5AWL,/home/raubenb/gitrepos/QTF/5AWL.pdb,YYDPETGTWY,amber,selective,0.6,0.6,0.1,0.1,200,0,200,2.0,89.78116906686799,2.386197018445645,1,4.771352046326158,4.555702270015309,2.3263144857964804,122.81293204836764,41,6.181879226809858,4.490309055895783,351.91030022059084,0.777702935532632,5.127714784217623,4.491889973041613,5.508594512939453,4.848916530609131
chignolin_ff-amber_chi-selective_hb-0.6_sasa-0.6_vdwr-0.1_vdwa-0.15,chignolin,chignolin (5AWL),5AWL,/home/raubenb/gitrepos/QTF/5AWL.pdb,YYDPETGTWY,amber,selective,0.6,0.6,0.1,0.15,200,0,200,2.0,86.40440079690363,3.4631321652513765,1,4.44556855819016,4.560609369576943,2.3263144857964804,117.65023925338002,18,6.181879226809858,4.490309055895783,345.8461682357973,0.777702935532632,5.127714784217623,4.491889973041613,5.508594512939453,4.848916530609131
chignolin_ff-amber_chi-selective_hb-0.6_sasa-0.7_vdwr-0.05_vdwa-0.1,chignolin,chignolin (5AWL),5AWL,/home/raubenb/gitrepos/QTF/5AWL.pdb,YYDPETGTWY,amber,selective,0.6,0.7,0.05,0.1,200,0,200,2.0,49.189606141393625,3.4631321652513765,1,4.44556855819016,4.560609369576943,2.3732607156222296,89.34667440495704,57,6.433258125438613,4.438154511331508,256.1178808562551,0.777702935532632,5.127714784217623,4.491889973041613,5.508594512939453,4.848916530609131
chignolin_ff-amber_chi-selective_hb-0.6_sasa-0.7_vdwr-0.05_vdwa-0.15,chignolin,chignolin (5AWL),5AWL,/home/raubenb/gitrepos/QTF/5AWL.pdb,YYDPETGTWY,amber,selective,0.6,0.7,0.05,0.15,200,0,200,2.0,45.157412819337154,3.4631321652513765,1,4.44556855819016,4.560609369576943,2.380134666222503,90.71128000867806,79,5.738484826651559,4.698483591055423,250.0537488714616,0.777702935532632,5.127714784217623,4.491889973041613,5.508594512939453,4.848916530609131
chignolin_ff-amber_chi-selective_hb-0.6_sasa-0.7_vdwr-0.1_vdwa-0.1,chignolin,chignolin (5AWL),5AWL,/home/raubenb/gitrepos/QTF/5AWL.pdb,YYDPETGTWY,amber,selective,0.6,0.7,0.1,0.1,200,0,200,2.0,97.16290630778244,3.4631321652513765,1,4.44556855819016,4.560609369576943,2.293620962121412,163.21416646131033,57,5.829321237612865,4.407880900463438,370.52202757857646,0.777702935532632,5.127714784217623,4.491889973041613,5.508594512939453,4.848916530609131
chignolin_ff-amber_chi-selective_hb-0.6_sasa-0.7_vdwr-0.1_vdwa-0.15,chignolin,chignolin (5AWL),5AWL,/home/raubenb/gitrepos/QTF/5AWL.pdb,YYDPETGTWY,amber,selective,0.6,0.7,0.1,0.15,200,0,200,2.0,93.13071298572596,3.4631321652513765,1,4.44556855819016,4.560609369576943,2.293620962121412,135.78870928281685,32,5.829321237612865,4.407880900463438,364.4578955937829,0.777702935532632,5.127714784217623,4.491889973041613,5.508594512939453,4.848916530609131
chignolin_ff-amber_chi-selective_hb-0.6_sasa-0.8_vdwr-0.05_vdwa-0.1,chignolin,chignolin (5AWL),5AWL,/home/raubenb/gitrepos/QTF/5AWL.pdb,YYDPETGTWY,amber,selective,0.6,0.8,0.05,0.1,200,0,200,2.0,55.915918330215966,3.4631321652513765,1,4.44556855819016,4.560609369576943,2.380134666222503,95.87646005555052,61,5.738484826651559,4.698483591055423,274.7296082142407,0.777702935532632,5.127714784217623,4.491889973041613,5.508594512939453,4.848916530609131
chignolin_ff-amber_chi-selective_hb-0.6_sasa-0.8_vdwr-0.05_vdwa-0.15,chignolin,chignolin (5AWL),5AWL,/home/raubenb/gitrepos/QTF/5AWL.pdb,YYDPETGTWY,amber,selective,0.6,0.8,0.05,0.15,200,0,200,2.0,51.88372500815949,3.4631321652513765,1,4.44556855819016,4.560609369576943,2.380134666222503,90.07229614078064,59,5.738484826651559,4.698483591055423,268.6654762294472,0.777702935532632,5.127714784217623,4.491889973041613,5.508594512939453,4.848916530609131
chignolin_ff-amber_chi-selective_hb-0.6_sasa-0.8_vdwr-0.1_vdwa-0.1,chignolin,chignolin (5AWL),5AWL,/home/raubenb/gitrepos/QTF/5AWL.pdb,YYDPETGTWY,amber,selective,0.6,0.8,0.1,0.1,200,0,200,2.0,103.88921849660474,3.4631321652513765,1,4.44556855819016,4.560609369576943,2.3047114394469914,141.78990174853752,27,5.980786577631255,4.475171909428125,389.13375493656207,0.777702935532632,5.127714784217623,4.491889973041613,5.508594512939453,4.848916530609131
chignolin_ff-amber_chi-selective_hb-0.6_sasa-0.8_vdwr-0.1_vdwa-0.15,chignolin,chignolin (5AWL),5AWL,/home/raubenb/gitrepos/QTF/5AWL.pdb,YYDPETGTWY,amber,selective,0.6,0.8,0.1,0.15,200,0,200,2.0,99.85702517454828,3.4631321652513765,1,4.44556855819016,4.560609369576943,2.293620962121412,145.3760083891722,42,5.829321237612865,4.407880900463438,383.0696229517685,0.777702935532632,5.127714784217623,4.491889973041613,5.508594512939453,4.848916530609131
chignolin_ff-amber_chi-selective_hb-0.75_sasa-0.6_vdwr-0.05_vdwa-0.1,chignolin,chignolin (5AWL),5AWL,/home/raubenb/gitrepos/QTF/5AWL.pdb,YYDPETGTWY,amber,selective,0.75,0.6,0.05,0.1,200,0,200,2.0,33.60022953603523,3.4631321652513765,1,4.44556855819016,4.560609369576943,2.3263144857964804,66.19996791130833,24,6.181879226809858,4.490309055895783,235.01849372778864,0.777702935532632,5.127714784217623,4.491889973041613,5.508594512939453,4.848916530609131
chignolin_ff-amber_chi-selective_hb-0.75_sasa-0.6_vdwr-0.05_vdwa-0.15,chignolin,chignolin (5AWL),5AWL,/home/raubenb/gitrepos/QTF/5AWL.pdb,YYDPETGTWY,amber,selective,0.75,0.6,0.05,0.15,200,0,200,2.0,29.46049863634447,3.740890318354912,1,5.647460188387039,4.756975141708118,2.3263144857964804,61.03727511632073,29,6.181879226809858,4.490309055895783,228.9543617429951,0.777702935532632,5.127714784217623,4.491889973041613,5.508594512939453,4.848916530609131
chignolin_ff-amber_chi-selective_hb-0.75_sasa-0.6_vdwr-0.1_vdwa-0.1,chignolin,chignolin (5AWL),5AWL,/home/raubenb/gitrepos/QTF/5AWL.pdb,YYDPETGTWY,amber,selective,0.75,0.6,0.1,0.1,200,0,200,2.0,80.9181046503319,2.386197018445645,1,4.771352046326158,4.555702270015309,2.3263144857964804,113.94986763183152,43,6.181879226809858,4.490309055895783,349.4226404501099,0.777702935532632,5.127714784217623,4.491889973041613,5.508594512939453,4.848916530609131
chignolin_ff-amber_chi-selective_hb-0.75_sasa-0.6_vdwr-0.1_vdwa-0.15,chignolin,chignolin (5AWL),5AWL,/home/raubenb/gitrepos/QTF/5AWL.pdb,YYDPETGTWY,amber,selective,0.75,0.6,0.1,0.15,200,0,200,2.0,77.49151644204836,2.386197018445645,1,4.771352046326158,4.555702270015309,2.3263144857964804,108.78717483684392,38,6.181879226809858,4.490309055895783,343.35850846531633,0.777702935532632,5.127714784217623,4.491889973041613,5.508594512939453,4.848916530609131
chignolin_ff-amber_chi-selective_hb-0.75_sasa-0.7_vdwr-0.05_vdwa-0.1,chignolin,chignolin (5AWL),5AWL,/home/raubenb/gitrepos/QTF/5AWL.pdb,YYDPETGTWY,amber,selective,0.75,0.7,0.05,0.1,200,0,200,2.0,40.32654172485755,3.4631321652513765,1,4.44556855819016,4.560609369576943,2.3263144857964804,77.39549062943229,30,6.181879226809858,4.490309055895783,253.6302210857742,0.777702935532632,5.127714784217623,4.491889973041613,5.508594512939453,4.848916530609131
chignolin_ff-amber_chi-selective_hb-0.75_sasa-0.7_vdwr-0.05_vdwa-0.15,chignolin,chignolin (5AWL),5AWL,/home/raubenb/gitrepos/QTF/5AWL.pdb,YYDPETGTWY,amber,selective,0.75,0.7,0.05,0.15,200,0,200,2.0,36.29434840280108,3.4631321652513765,1,4.44556855819016,4.560609369576943,2.3263144857964804,72.23279783444468,34,6.181879226809858,4.490309055895783,247.56608910098063,0.777702935532632,5.127714784217623,4.491889973041613,5.508594512939453,4.848916530609131
chignolin_ff-amber_chi-selective_hb-0.75_sasa-0.7_vdwr-0.1_vdwa-0.1,chignolin,chignolin (5AWL),5AWL,/home/raubenb/gitrepos/QTF/5AWL.pdb,YYDPETGTWY,amber,selective,0.75,0.7,0.1,0.1,200,0,200,2.0,88.29984189124634,3.4631321652513765,1,4.44556855819016,4.560609369576943,2.293620962121412,132.26637050691974,32,5.829321237612865,4.407880900463438,368.0343678080955,0.777702935532632,5.127714784217623,4.491889973041613,5.508594512939453,4.848916530609131
chignolin_ff-amber_chi-selective_hb-0.75_sasa-0.7_vdwr-0.1_vdwa-0.15,chignolin,chignolin (5AWL),5AWL,/home/raubenb/gitrepos/QTF/5AWL.pdb,YYDPETGTWY,amber,selective,0.75,0.7,0.1,0.15,200,0,200,2.0,84.26764856918987,3.4631321652513765,1,4.44556855819016,4.560609369576943,2.293620962121412,126.92564486628078,32,5.829321237612865,4.407880900463438,361.970235823302,0.777702935532632,5.127714784217623,4.491889973041613,5.508594512939453,4.848916530609131
chignolin_ff-amber_chi-selective_hb-0.75_sasa-0.8_vdwr-0.05_vdwa-0.1,chignolin,chignolin (5AWL),5AWL,/home/raubenb/gitrepos/QTF/5AWL.pdb,YYDPETGTWY,amber,selective,0.75,0.8,0.05,0.1,200,0,200,2.0,47.05285391367987,3.4631321652513765,1,4.44556855819016,4.560609369576943,2.3263144857964804,88.59101334755628,52,6.181879226809858,4.490309055895783,272.2419484437598,0.777702935532632,5.127714784217623,4.491889973041613,5.508594512939453,4.848916530609131
chignolin_ff-amber_chi-selective_hb-0.75_sasa-0.8_vdwr-0.05_vdwa-0.15,chignolin,chignolin (5AWL),5AWL,/home/raubenb/gitrepos/QTF/5AWL.pdb,YYDPETGTWY,amber,selective,0.75,0.8,0.05,0.15,200,0,200,2.0,43.0206605916234,3.4631321652513765,1,4.44556855819016,4.560609369576943,2.3263144857964804,83.42832055256868,54,6.181879226809858,4.490309055895783,266.1778164589662,0.777702935532632,5.127714784217623,4.491889973041613,5.508594512939453,4.848916530609131
chignolin_ff-amber_chi-selective_hb-0.75_sasa-0.8_vdwr-0.1_vdwa-0.1,chignolin,chignolin (5AWL),5AWL,/home/raubenb/gitrepos/QTF/5AWL.pdb,YYDPETGTWY,amber,selective,0.75,0.8,0.1,0.1,200,0,200,2.0,95.02615408006866,3.4631321652513765,1,4.44556855819016,4.560609369576943,2.293620962121412,141.8536696132751,27,5.829321237612865,4.407880900463438,386.6460951660811,0.777702935532632,5.127714784217623,4.491889973041613,5.508594512939453,4.848916530609131
chignolin_ff-amber_chi-selective_hb-0.75_sasa-0.8_vdwr-0.1_vdwa-0.15,chignolin,chignolin (5AWL),5AWL,/home/raubenb/gitrepos/QTF/5AWL.pdb,YYDPETGTWY,amber,selective,0.75,0.8,0.1,0.15,200,0,200,2.0,90.9939607580122,3.4631321652513765,1,4.44556855819016,4.560609369576943,2.293620962121412,136.51294397263612,26,5.829321237612865,4.407880900463438,380.5819631812876,0.777702935532632,5.127714784217623,4.491889973041613,5.508594512939453,4.848916530609131
chignolin_ff-amber_chi-selective_hb-1.0_sasa-0.6_vdwr-0.05_vdwa-0.1,chignolin,chignolin (5AWL),5AWL,/home/raubenb/gitrepos/QTF/5AWL.pdb,YYDPETGTWY,amber,selective,1.0,0.6,0.05,0.1,200,0,200,2.0,18.828455508475106,3.4631321652513765,1,4.44556855819016,4.560609369576943,2.3263144857964804,51.42819388374821,31,6.181879226809858,4.490309055895783,230.8723941103204,0.777702935532632,5.127714784217623,4.491889973041613,5.508594512939453,4.848916530609131
chignolin_ff-amber_chi-selective_hb-1.0_sasa-0.6_vdwr-0.05_vdwa-0.15,chignolin,chignolin (5AWL),5AWL,/home/raubenb/gitrepos/QTF/5AWL.pdb,YYDPETGTWY,amber,selective,1.0,0.6,0.05,0.15,200,0,200,2.0,14.796262186418634,3.4631321652513765,1,4.44556855819016,4.560609369576943,2.3263144857964804,46.2655010887606,23,6.181879226809858,4.490309055895783,224.80826212552688,0.777702935532632,5.127714784217623,4.491889973041613,5.508594512939453,4.848916530609131
chignolin_ff-amber_chi-selective_hb-1.0_sasa-0.6_vdwr-0.1_vdwa-0.1,chignolin,chignolin (5AWL),5AWL,/home/raubenb/gitrepos/QTF/5AWL.pdb,YYDPETGTWY,amber,selective,1.0,0.6,0.1,0.1,200,0,200,2.0,66.14633062277177,2.386197018445645,1,4.771352046326158,4.555702270015309,2.3263144857964804,99.1780936042714,43,6.181879226809858,4.490309055895783,345.27654083264173,0.777702935532632,5.127714784217623,4.491889973041613,5.508594512939453,4.848916530609131
chignolin_ff-amber_chi-selective_hb-1.0_sasa-0.6_vdwr-0.1_vdwa-0.15,chignolin,chignolin (5AWL),5AWL,/home/raubenb/gitrepos/QTF/5AWL.pdb,YYDPETGTWY,amber,selective,1.0,0.6,0.1,0.15,200,0,200,2.0,60.56733580309098,4.096578258067133,1,9.50312208007111,4.20638387946703,2.3263144857964804,94.0154008092838,43,6.181879226809858,4.490309055895783,339.21240884784817,0.777702935532632,5.127714784217623,4.491889973041613,5.508594512939453,4.848916530609131
chignolin_ff-amber_chi-selective_hb-1.0_sasa-0.7_vdwr-0.05_vdwa-0.1,chignolin,chignolin (5AWL),5AWL,/home/raubenb/gitrepos/QTF/5AWL.pdb,YYDPETGTWY,amber,selective,1.0,0.7,0.05,0.1,200,0,200,2.0,25.554767697297425,3.4631321652513765,1,4.44556855819016,4.560609369576943,2.293620962121412,64.80794443253355,32,5.829321237612865,4.407880900463438,249.484121468306,0.777702935532632,5.127714784217623,4.491889973041613,5.508594512939453,4.848916530609131
chignolin_ff-amber_chi-selective_hb-1.0_sasa-0.7_vdwr-0.05_vdwa-0.15,chignolin,chignolin (5AWL),5AWL,/home/raubenb/gitrepos/QTF/5AWL.pdb,YYDPETGTWY,amber,selective,1.0,0.7,0.05,0.15,200,0,200,2.0,21.231885885709172,3.740890318354912,1,5.647460188387039,4.756975141708118,2.3047114394469914,47.834225034801015,17,5.980786577631255,4.475171909428125,243.4199894835124,0.777702935532632,5.127714784217623,4.491889973041613,5.508594512939453,4.848916530609131
chignolin_ff-amber_chi-selective_hb-1.0_sasa-0.7_vdwr-0.1_vdwa-0.1,chignolin,chignolin (5AWL),5AWL,/home/raubenb/gitrepos/QTF/5AWL.pdb,YYDPETGTWY,amber,selective,1.0,0.7,0.1,0.1,200,0,200,2.0,73.52806786368622,3.4631321652513765,1,4.44556855819016,4.560609369576943,2.3263144857964804,110.37361632239536,43,6.181879226809858,4.490309055895783,363.88826819062734,0.777702935532632,5.127714784217623,4.491889973041613,5.508594512939453,4.848916530609131
chignolin_ff-amber_chi-selective_hb-1.0_sasa-0.7_vdwr-0.1_vdwa-0.15,chignolin,chignolin (5AWL),5AWL,/home/raubenb/gitrepos/QTF/5AWL.pdb,YYDPETGTWY,amber,selective,1.0,0.7,0.1,0.15,200,0,200,2.0,66.77225762740468,4.096578258067133,1,9.50312208007111,4.20638387946703,2.3263144857964804,105.21092352740774,41,6.181879226809858,4.490309055895783,357.8241362058338,0.777702935532632,5.127714784217623,4.491889973041613,5.508594512939453,4.848916530609131
chignolin_ff-amber_chi-selective_hb-1.0_sasa-0.8_vdwr-0.05_vdwa-0.1,chignolin,chignolin (5AWL),5AWL,/home/raubenb/gitrepos/QTF/5AWL.pdb,YYDPETGTWY,amber,selective,1.0,0.8,0.05,0.1,200,0,200,2.0,32.28107988611975,3.4631321652513765,1,4.44556855819016,4.560609369576943,2.293620962121412,71.20489523313894,38,5.829321237612865,4.407880900463438,268.0958488262916,0.777702935532632,5.127714784217623,4.491889973041613,5.508594512939453,4.848916530609131
chignolin_ff-amber_chi-selective_hb-1.0_sasa-0.8_vdwr-0.05_vdwa-0.15,chignolin,chignolin (5AWL),5AWL,/home/raubenb/gitrepos/QTF/5AWL.pdb,YYDPETGTWY,amber,selective,1.0,0.8,0.05,0.15,200,0,200,2.0,28.101942794973173,3.740890318354912,1,5.647460188387039,4.756975141708118,2.3047114394469914,56.74973582727463,20,5.980786577631255,4.475171909428125,262.03171684149805,0.777702935532632,5.127714784217623,4.491889973041613,5.508594512939453,4.848916530609131
chignolin_ff-amber_chi-selective_hb-1.0_sasa-0.8_vdwr-0.1_vdwa-0.1,chignolin,chignolin (5AWL),5AWL,/home/raubenb/gitrepos/QTF/5AWL.pdb,YYDPETGTWY,amber,selective,1.0,0.8,0.1,0.1,200,0,200,2.0,80.25438005250854,3.4631321652513765,1,4.44556855819016,4.560609369576943,2.293620962121412,127.08189558571496,30,5.829321237612865,4.407880900463438,382.4999955486128,0.777702935532632,5.127714784217623,4.491889973041613,5.508594512939453,4.848916530609131
chignolin_ff-amber_chi-selective_hb-1.0_sasa-0.8_vdwr-0.1_vdwa-0.15,chignolin,chignolin (5AWL),5AWL,/home/raubenb/gitrepos/QTF/5AWL.pdb,YYDPETGTWY,amber,selective,1.0,0.8,0.1,0.15,200,0,200,2.0,76.22218673045207,3.4631321652513765,1,4.44556855819016,4.560609369576943,2.293620962121412,121.741169945076,30,5.829321237612865,4.407880900463438,376.4358635638193,0.777702935532632,5.127714784217623,4.491889973041613,5.508594512939453,4.848916530609131
trp_cage_ff-amber_chi-selective_hb-0.6_sasa-0.6_vdwr-0.05_vdwa-0.1,trp_cage,trp_cage (2JOF),2JOF,/home/raubenb/gitrepos/QTF/2JOF.pdb,DAYAQWLKDGGPSSGRPPPS,amber,selective,0.6,0.6,0.05,0.1,200,0,200,2.0,36.001471891385464,5.928867101183,1,5.9230184324318,5.498854974954919,4.994861850431117,83.58575450757996,197,9.005046311141456,5.694512105222548,301.86420901922827,0.6042766997119539,10.427457331256708,6.426422477936852,11.25388240814209,6.910665512084961
trp_cage_ff-amber_chi-selective_hb-0.6_sasa-0.6_vdwr-0.05_vdwa-0.15,trp_cage,trp_cage (2JOF),2JOF,/home/raubenb/gitrepos/QTF/2JOF.pdb,DAYAQWLKDGGPSSGRPPPS,amber,selective,0.6,0.6,0.05,0.15,200,0,200,2.0,27.1159867200602,5.320803520526622,1,5.3435731391736825,5.4579912114421,4.962152114723566,80.1337847310672,200,9.57208304050639,5.731148922028139,290.238036409189,0.6042766997119539,10.427457331256708,6.426422477936852,11.25388240814209,6.910665512084961
trp_cage_ff-amber_chi-selective_hb-0.6_sasa-0.6_vdwr-0.1_vdwa-0.1,trp_cage,trp_cage (2JOF),2JOF,/home/raubenb/gitrepos/QTF/2JOF.pdb,DAYAQWLKDGGPSSGRPPPS,amber,selective,0.6,0.6,0.1,0.1,200,0,200,2.0,76.84502352527373,5.595114630801647,1,6.947231155850571,5.91889553793323,4.623105604504879,91.36250426710788,13,6.449783378363576,6.203414744710376,467.6962181134028,0.6042766997119539,10.427457331256708,6.426422477936852,11.25388240814209,6.910665512084961
trp_cage_ff-amber_chi-selective_hb-0.6_sasa-0.6_vdwr-0.1_vdwa-0.15,trp_cage,trp_cage (2JOF),2JOF,/home/raubenb/gitrepos/QTF/2JOF.pdb,DAYAQWLKDGGPSSGRPPPS,amber,selective,0.6,0.6,0.1,0.15,200,0,200,2.0,69.30687645550692,5.595114630801647,1,6.947231155850571,5.91889553793323,4.623105604504879,83.57130779790326,10,6.449783378363576,6.203414744710376,456.07004550336353,0.6042766997119539,10.427457331256708,6.426422477936852,11.25388240814209,6.910665512084961
trp_cage_ff-amber_chi-selective_hb-0.6_sasa-0.7_vdwr-0.05_vdwa-0.1,trp_cage,trp_cage (2JOF),2JOF,/home/raubenb/gitrepos/QTF/2JOF.pdb,DAYAQWLKDGGPSSGRPPPS,amber,selective,0.6,0.7,0.05,0.1,200,0,200,2.0,43.94838008076797,5.320803520526622,1,5.3435731391736825,5.4579912114421,4.962152114723566,94.52108194634395,170,9.57208304050639,5.731148922028139,317.53871626410046,0.6042766997119539,10.427457331256708,6.426422477936852,11.25388240814209,6.910665512084961
trp_cage_ff-amber_chi-selective_hb-0.6_sasa-0.7_vdwr-0.05_vdwa-0.15,trp_cage,trp_cage (2JOF),2JOF,/home/raubenb/gitrepos/QTF/2JOF.pdb,DAYAQWLKDGGPSSGRPPPS,amber,selective,0.6,0.7,0.05,0.15,200,0,200,2.0,32.34018535735739,5.320803520526622,1,5.3435731391736825,5.4579912114421,4.962152114723566,83.18127762499871,163,9.57208304050639,5.731148922028139,305.9125436540612,0.6042766997119539,10.427457331256708,6.426422477936852,11.25388240814209,6.910665512084961
trp_cage_ff-amber_chi-selective_hb-0.6_sasa-0.7_vdwr-0.1_vdwa-0.1,trp_cage,trp_cage (2JOF),2JOF,/home/raubenb/gitrepos/QTF/2JOF.pdb,DAYAQWLKDGGPSSGRPPPS,amber,selective,0.6,0.7,0.1,0.1,200,0,200,2.0,61.99574151624402,6.450256464358751,1,6.1479634589727805,5.536147623934444,5.474905797910411,140.4348046776888,125,9.80040036501902,6.157243266639994,483.3707253582751,0.6042766997119539,10.427457331256708,6.426422477936852,11.25388240814209,6.910665512084961
trp_cage_ff-amber_chi-selective_hb-0.6_sasa-0.7_vdwr-0.1_vdwa-0.15,trp_cage,trp_cage (2JOF),2JOF,/home/raubenb/gitrepos/QTF/2JOF.pdb,DAYAQWLKDGGPSSGRPPPS,amber,selective,0.6,0.7,0.1,0.15,200,0,200,2.0,52.595190275438895,6.450256464358751,1,6.1479634589727805,5.536147623934444,5.474905797910411,136.0798604116167,162,9.80040036501902,6.157243266639994,471.74455274823583,0.6042766997119539,10.427457331256708,6.426422477936852,11.25388240814209,6.910665512084961
trp_cage_ff-amber_chi-selective_hb-0.6_sasa-0.8_vdwr-0.05_vdwa-0.1,trp_cage,trp_cage (2JOF),2JOF,/home/raubenb/gitrepos/QTF/2JOF.pdb,DAYAQWLKDGGPSSGRPPPS,amber,selective,0.6,0.8,0.05,0.1,200,0,200,2.0,46.49571656235927,5.758365928448135,1,6.871119557979439,5.880833637726943,5.230738332484648,63.27875760960856,12,8.79683220956709,6.258945844017196,333.2132235089728,0.6042766997119539,10.427457331256708,6.426422477936852,11.25388240814209,6.910665512084961
trp_cage_ff-amber_chi-selective_hb-0.6_sasa-0.8_vdwr-0.05_vdwa-0.15,trp_cage,trp_cage (2JOF),2JOF,/home/raubenb/gitrepos/QTF/2JOF.pdb,DAYAQWLKDGGPSSGRPPPS,amber,selective,0.6,0.8,0.05,0.15,200,0,200,2.0,37.1873682692872,5.758365928448135,1,6.871119557979439,5.880833637726943,4.933994548653247,89.53378797467884,176,6.791062805856643,5.982525815823974,321.5870508989335,0.6042766997119539,10.427457331256708,6.426422477936852,11.25388240814209,6.910665512084961
trp_cage_ff-amber_chi-selective_hb-0.6_sasa-0.8_vdwr-0.1_vdwa-0.1,trp_cage,trp_cage (2JOF),2JOF,/home/raubenb/gitrepos/QTF/2JOF.pdb,DAYAQWLKDGGPSSGRPPPS,amber,selective,0.6,0.8,0.1,0.1,200,0,200,2.0,89.08802274962731,5.757465215813399,1,4.913911375774701,5.98959966123981,5.3148262562655,142.4952020698671,152,8.60666425466957,6.202611986220367,499.04523260314727,0.6042766997119539,10.427457331256708,6.426422477936852,11.25388240814209,6.910665512084961
trp_cage_ff-amber_chi-selective_hb-0.6_sasa-0.8_vdwr-0.1_vdwa-0.15,trp_cage,trp_cage (2JOF),2JOF,/home/raubenb/gitrepos/QTF/2JOF.pdb,DAYAQWLKDGGPSSGRPPPS,amber,selective,0.6,0.8,0.1,0.15,200,0,200,2.0,80.78196660869521,5.757465215813399,1,4.913911375774701,5.98959966123981,5.3148262562655,134.3484582131306,153,8.60666425466957,6.202611986220367,487.419059993108,0.6042766997119539,10.427457331256708,6.426422477936852,11.25388240814209,6.910665512084961
trp_cage_ff-amber_chi-selective_hb-0.75_sasa-0.6_vdwr-0.05_vdwa-0.1,trp_cage,trp_cage (2JOF),2JOF,/home/raubenb/gitrepos/QTF/2JOF.pdb,DAYAQWLKDGGPSSGRPPPS,amber,selective,0.75,0.6,0.05,0.1,200,0,200,2.0,-12.616249279460783,6.037267746631834,1,5.754309787442116,5.382072532419089,4.995629024931526,42.21732377077706,194,9.421749523441614,5.63501944921035,282.2829803015982,0.6042766997119539,10.427457331256708,6.426422477936852,11.25388240814209,6.910665512084961
trp_cage_ff-amber_chi-selective_hb-0.75_sasa-0.6_vdwr-0.05_vdwa-0.15,trp_cage,trp_cage (2JOF),2JOF,/home/raubenb/gitrepos/QTF/2JOF.pdb,DAYAQWLKDGGPSSGRPPPS,amber,selective,0.75,0.6,0.05,0.15,200,0,200,2.0,-26.05104454356021,6.037267746631834,1,5.754309787442116,5.382072532419089,4.995629024931526,30.818515063103725,195,9.421749523441614,5.63501944921035,270.6568076915589,0.6042766997119539,10.427457331256708,6.426422477936852,11.25388240814209,6.910665512084961
trp_cage_ff-amber_chi-selective_hb-0.75_sasa-0.6_vdwr-0.1_vdwa-0.1,trp_cage,trp_cage (2JOF),2JOF,/home/raubenb/gitrepos/QTF/2JOF.pdb,DAYAQWLKDGGPSSGRPPPS,amber,selective,0.75,0.6,0.1,0.1,200,0,200,2.0,51.28595554328838,5.595114630801647,1,6.947231155850571,5.91889553793323,4.623105604504879,64.794098222575,14,6.449783378363576,6.203414744710376,448.1149893957728,0.6042766997119539,10.427457331256708,6.426422477936852,11.25388240814209,6.910665512084961
trp_cage_ff-amber_chi-selective_hb-0.75_sasa-0.6_vdwr-0.1_vdwa-0.15,trp_cage,trp_cage (2JOF),2JOF,/home/raubenb/gitrepos/QTF/2JOF.pdb,DAYAQWLKDGGPSSGRPPPS,amber,selective,0.75,0.6,0.1,0.15,200,0,200,2.0,43.74780847352159,5.595114630801647,1,6.947231155850571,5.91889553793323,4.623105604504879,57.00290175337039,8,6.449783378363576,6.203414744710376,436.4888167857336,0.6042766997119539,10.427457331256708,6.426422477936852,11.25388240814209,6.910665512084961
trp_cage_ff-amber_chi-selective_hb-0.75_sasa-0.7_vdwr-0.05_vdwa-0.1,trp_cage,trp_cage (2JOF),2JOF,/home/raubenb/gitrepos/QTF/2JOF.pdb,DAYAQWLKDGGPSSGRPPPS,amber,selective,0.75,0.7,0.05,0.1,200,0,200,2.0,-8.591918897434905,6.037267746631834,1,5.754309787442116,5.382072532419089,4.962152114723566,58.90121856729431,180,9.57208304050639,5.731148922028139,297.9574875464705,0.6042766997119539,10.427457331256708,6.426422477936852,11.25388240814209,6.910665512084961
trp_cage_ff-amber_chi-selective_hb-0.75_sasa-0.7_vdwr-0.05_vdwa-0.15,trp_cage,trp_cage (2JOF),2JOF,/home/raubenb/gitrepos/QTF/2JOF.pdb,DAYAQWLKDGGPSSGRPPPS,amber,selective,0.75,0.7,0.05,0.15,200,0,200,2.0,-22.02671416153433,6.037267746631834,1,5.754309787442116,5.382072532419089,4.936223284416188,43.94557769882978,193,7.643727231688641,5.700103880496712,286.3313149364312,0.6042766997119539,10.427457331256708,6.426422477936852,11.25388240814209,6.910665512084961
trp_cage_ff-amber_chi-selective_hb-0.75_sasa-0.7_vdwr-0.1_vdwa-0.1,trp_cage,trp_cage (2JOF),2JOF,/home/raubenb/gitrepos/QTF/2JOF.pdb,DAYAQWLKDGGPSSGRPPPS,amber,selective,0.75,0.7,0.1,0.1,200,0,200,2.0,68.37116341816122,4.84180093020458,1,6.649276426741147,6.154895798823584,4.623105604504879,72.10982542546449,3,6.449783378363576,6.203414744710376,463.789496640645,0.6042766997119539,10.427457331256708,6.426422477936852,11.25388240814209,6.910665512084961
trp_cage_ff-amber_chi-selective_hb-0.75_sasa-0.7_vdwr-0.1_vdwa-0.15,trp_cage,trp_cage (2JOF),2JOF,/home/raubenb/gitrepos/QTF/2JOF.pdb,DAYAQWLKDGGPSSGRPPPS,amber,selective,0.75,0.7,0.1,0.15,200,0,200,2.0,76.70672436854522,5.278803376946106,1,7.135957067141969,6.265885918327824,4.804995983955134,98.276243431185,49,7.974967081523543,5.950713339117361,452.16332403060574,0.6042766997119539,10.427457331256708,6.426422477936852,11.25388240814209,6.910665512084961
trp_cage_ff-amber_chi-selective_hb-0.75_sasa-0.8_vdwr-0.05_vdwa-0.1,trp_cage,trp_cage (2JOF),2JOF,/home/raubenb/gitrepos/QTF/2JOF.pdb,DAYAQWLKDGGPSSGRPPPS,amber,selective,0.75,0.8,0.05,0.1,200,0,200,2.0,14.55473369638884,5.320803520526622,1,5.3435731391736825,5.4579912114421,4.93445196724529,69.35689608870996,172,10.077339815011406,5.778325648761905,313.63199479134266,0.6042766997119539,10.427457331256708,6.426422477936852,11.25388240814209,6.910665512084961
trp_cage_ff-amber_chi-selective_hb-0.75_sasa-0.8_vdwr-0.05_vdwa-0.15,trp_cage,trp_cage (2JOF),2JOF,/home/raubenb/gitrepos/QTF/2JOF.pdb,DAYAQWLKDGGPSSGRPPPS,amber,selective,0.75,0.8,0.05,0.15,200,0,200,2.0,-18.00238377950845,6.037267746631834,1,5.754309787442116,5.382072532419089,4.93445196724529,56.38252244025941,196,10.077339815011406,5.778325648761905,302.0058221813034,0.6042766997119539,10.427457331256708,6.426422477936852,11.25388240814209,6.910665512084961
trp_cage_ff-amber_chi-selective_hb-0.75_sasa-0.8_vdwr-0.1_vdwa-0.1,trp_cage,trp_cage (2JOF),2JOF,/home/raubenb/gitrepos/QTF/2JOF.pdb,DAYAQWLKDGGPSSGRPPPS,amber,selective,0.75,0.8,0.1,0.1,200,0,200,2.0,27.669562591148814,6.310146169778433,1,5.787706970423159,5.591075678160558,4.709041464827881,108.44528081507067,64,8.287415703252872,6.118297529897847,479.4640038855173,0.6042766997119539,10.427457331256708,6.426422477936852,11.25388240814209,6.910665512084961
trp_cage_ff-amber_chi-selective_hb-0.75_sasa-0.8_vdwr-0.1_vdwa-0.15,trp_cage,trp_cage (2JOF),2JOF,/home/raubenb/gitrepos/QTF/2JOF.pdb,DAYAQWLKDGGPSSGRPPPS,amber,selective,0.75,0.8,0.1,0.15,200,0,200,2.0,18.815556579149018,6.310146169778433,1,5.787706970423159,5.591075678160558,4.709041464827881,98.50447237597884,60,8.287415703252872,6.118297529897847,467.8378312754781,0.6042766997119539,10.427457331256708,6.426422477936852,11.25388240814209,6.910665512084961
trp_cage_ff-amber_chi-selective_hb-1.0_sasa-0.6_vdwr-0.05_vdwa-0.1,trp_cage,trp_cage (2JOF),2JOF,/home/raubenb/gitrepos/QTF/2JOF.pdb,DAYAQWLKDGGPSSGRPPPS,amber,selective,1.0,0.6,0.05,0.1,200,0,200,2.0,-106.42251270472696,5.377874065961522,1,6.374499423621622,5.742971302964079,4.786093003690777,-30.83342791480313,111,8.777169397746878,5.787725513937997,249.6475991055481,0.6042766997119539,10.427457331256708,6.426422477936852,11.25388240814209,6.910665512084961
trp_cage_ff-amber_chi-selective_hb-1.0_sasa-0.6_vdwr-0.05_vdwa-0.15,trp_cage,trp_cage (2JOF),2JOF,/home/raubenb/gitrepos/QTF/2JOF.pdb,DAYAQWLKDGGPSSGRPPPS,amber,selective,1.0,0.6,0.05,0.15,200,0,200,2.0,-93.0890227369822,5.478576771770137,1,6.270280957656124,5.74540290574696,4.786093003690777,-39.17136114238632,98,8.777169397746878,5.787725513937997,238.02142649550885,0.6042766997119539,10.427457331256708,6.426422477936852,11.25388240814209,6.910665512084961
trp_cage_ff-amber_chi-selective_hb-1.0_sasa-0.6_vdwr-0.1_vdwa-0.1,trp_cage,trp_cage (2JOF),2JOF,/home/raubenb/gitrepos/QTF/2JOF.pdb,DAYAQWLKDGGPSSGRPPPS,amber,selective,1.0,0.6,0.1,0.1,200,0,200,2.0,-107.75145751789908,5.287697969968925,1,7.386855386215719,6.079544409070251,5.024480445759777,-7.993770058772533,195,8.67248877930381,6.248319867248853,415.4796081997226,0.6042766997119539,10.427457331256708,6.426422477936852,11.25388240814209,6.910665512084961
trp_cage_ff-amber_chi-selective_hb-1.0_sasa-0.6_vdwr-0.1_vdwa-0.15,trp_cage,trp_cage (2JOF),2JOF,/home/raubenb/gitrepos/QTF/2JOF.pdb,DAYAQWLKDGGPSSGRPPPS,amber,selective,1.0,0.6,0.1,0.15,200,0,200,2.0,-118.47017760884285,5.287697969968925,1,7.386855386215719,6.079544409070251,5.024480445759777,-17.683401313363298,196,8.67248877930381,6.248319867248853,403.8534355896834,0.6042766997119539,10.427457331256708,6.426422477936852,11.25388240814209,6.910665512084961
trp_cage_ff-amber_chi-selective_hb-1.0_sasa-0.7_vdwr-0.05_vdwa-0.1,trp_cage,trp_cage (2JOF),2JOF,/home/raubenb/gitrepos/QTF/2JOF.pdb,DAYAQWLKDGGPSSGRPPPS,amber,selective,1.0,0.7,0.05,0.1,200,0,200,2.0,-77.11217505715476,5.478576771770137,1,6.270280957656124,5.74540290574696,4.786093003690777,-27.75693722465112,56,8.777169397746878,5.787725513937997,265.3221063504203,0.6042766997119539,10.427457331256708,6.426422477936852,11.25388240814209,6.910665512084961
trp_cage_ff-amber_chi-selective_hb-1.0_sasa-0.7_vdwr-0.05_vdwa-0.15,trp_cage,trp_cage (2JOF),2JOF,/home/raubenb/gitrepos/QTF/2JOF.pdb,DAYAQWLKDGGPSSGRPPPS,amber,selective,1.0,0.7,0.05,0.15,200,0,200,2.0,-88.43016183090798,5.478576771770137,1,6.270280957656124,5.74540290574696,4.786093003690777,-38.18738473480491,58,8.777169397746878,5.787725513937997,253.69593374038104,0.6042766997119539,10.427457331256708,6.426422477936852,11.25388240814209,6.910665512084961
trp_cage_ff-amber_chi-selective_hb-1.0_sasa-0.7_vdwr-0.1_vdwa-0.1,trp_cage,trp_cage (2JOF),2JOF,/home/raubenb/gitrepos/QTF/2JOF.pdb,DAYAQWLKDGGPSSGRPPPS,amber,selective,1.0,0.7,0.1,0.1,200,0,200,2.0,-100.83375889112855,5.287697969968925,1,7.386855386215719,6.079544409070251,5.024480445759777,-1.667893708995127,171,8.67248877930381,6.248319867248853,431.1541154445949,0.6042766997119539,10.427457331256708,6.426422477936852,11.25388240814209,6.910665512084961
trp_cage_ff-amber_chi-selective_hb-1.0_sasa-0.7_vdwr-0.1_vdwa-0.15,trp_cage,trp_cage (2JOF),2JOF,/home/raubenb/gitrepos/QTF/2JOF.pdb,DAYAQWLKDGGPSSGRPPPS,amber,selective,1.0,0.7,0.1,0.15,200,0,200,2.0,-111.55247898207232,5.287697969968925,1,7.386855386215719,6.079544409070251,5.024480445759777,-11.312697422252402,174,8.67248877930381,6.248319867248853,419.5279428345557,0.6042766997119539,10.427457331256708,6.426422477936852,11.25388240814209,6.910665512084961
trp_cage_ff-amber_chi-selective_hb-1.0_sasa-0.8_vdwr-0.05_vdwa-0.1,trp_cage,trp_cage (2JOF),2JOF,/home/raubenb/gitrepos/QTF/2JOF.pdb,DAYAQWLKDGGPSSGRPPPS,amber,selective,1.0,0.8,0.05,0.1,200,0,200,2.0,-72.45331415108052,5.478576771770137,1,6.270280957656124,5.74540290574696,4.786093003690777,-24.680446534499083,43,8.777169397746878,5.787725513937997,280.9966135952926,0.6042766997119539,10.427457331256708,6.426422477936852,11.25388240814209,6.910665512084961
trp_cage_ff-amber_chi-selective_hb-1.0_sasa-0.8_vdwr-0.05_vdwa-0.15,trp_cage,trp_cage (2JOF),2JOF,/home/raubenb/gitrepos/QTF/2JOF.pdb,DAYAQWLKDGGPSSGRPPPS,amber,selective,1.0,0.8,0.05,0.15,200,0,200,2.0,-83.77130092483374,5.478576771770137,1,6.270280957656124,5.74540290574696,4.786093003690777,-33.005844599671285,51,8.777169397746878,5.787725513937997,269.37044098525337,0.6042766997119539,10.427457331256708,6.426422477936852,11.25388240814209,6.910665512084961
trp_cage_ff-amber_chi-selective_hb-1.0_sasa-0.8_vdwr-0.1_vdwa-0.1,trp_cage,trp_cage (2JOF),2JOF,/home/raubenb/gitrepos/QTF/2JOF.pdb,DAYAQWLKDGGPSSGRPPPS,amber,selective,1.0,0.8,0.1,0.1,200,0,200,2.0,-93.916060264358,5.287697969968925,1,7.386855386215719,6.079544409070251,5.024480445759777,7.156662593910447,161,8.67248877930381,6.248319867248853,446.8286226894671,0.6042766997119539,10.427457331256708,6.426422477936852,11.25388240814209,6.910665512084961
trp_cage_ff-amber_chi-selective_hb-1.0_sasa-0.8_vdwr-0.1_vdwa-0.15,trp_cage,trp_cage (2JOF),2JOF,/home/raubenb/gitrepos/QTF/2JOF.pdb,DAYAQWLKDGGPSSGRPPPS,amber,selective,1.0,0.8,0.1,0.15,200,0,200,2.0,-104.63478035530174,5.287697969968925,1,7.386855386215719,6.079544409070251,5.022308792690602,5.660571925277749,193,9.123290545907796,6.285593185742965,435.2024500794279,0.6042766997119539,10.427457331256708,6.426422477936852,11.25388240814209,6.910665512084961
