replica_id,seed,init_type,sequence,forcefield,energy,rmsd_to_reference,pred_e2e_A,pred_rg_A,ref_e2e_A,ref_rg_A,runtime_s,hw_backend,hw_shots,pdb_path,ca_pdb_path
22,313296789,random,YYDPETGTWY,amber,129.53938511339368,3.630467903146688,10.066575410773106,5.500531933056799,5.508595556037851,4.848916770784997,124.84,aer,4096,outputs/linear_entanglement_1_rep/slurm_YYDPETGTWY_amber/replica_22/replica_22.pdb,outputs/linear_entanglement_1_rep/slurm_YYDPETGTWY_amber/replica_22/replica_22_ca.pdb
25,313296792,random,YYDPETGTWY,amber,-23.800866190456606,4.075504029578461,14.042964279384481,6.534915670290627,5.508595556037851,4.848916770784997,310.0,aer,4096,outputs/linear_entanglement_1_rep/slurm_YYDPETGTWY_amber/replica_25/replica_25.pdb,outputs/linear_entanglement_1_rep/slurm_YYDPETGTWY_amber/replica_25/replica_25_ca.pdb
14,313296781,random,YYDPETGTWY,amber,48.582921462291296,4.12741458925258,17.602212144033107,6.403499776316656,5.508595556037851,4.848916770784997,111.4,aer,4096,outputs/linear_entanglement_1_rep/slurm_YYDPETGTWY_amber/replica_14/replica_14.pdb,outputs/linear_entanglement_1_rep/slurm_YYDPETGTWY_amber/replica_14/replica_14_ca.pdb
19,313296786,random,YYDPETGTWY,amber,20.05264347909086,4.467270940983119,18.809245500019422,6.311215601365009,5.508595556037851,4.848916770784997,69.32,aer,4096,outputs/linear_entanglement_1_rep/slurm_YYDPETGTWY_amber/replica_19/replica_19.pdb,outputs/linear_entanglement_1_rep/slurm_YYDPETGTWY_amber/replica_19/replica_19_ca.pdb
44,313296811,random,YYDPETGTWY,amber,-24.61154978645683,4.711640686273264,19.078471053092333,6.647180257683381,5.508595556037851,4.848916770784997,283.76,aer,4096,outputs/linear_entanglement_1_rep/slurm_YYDPETGTWY_amber/replica_44/replica_44.pdb,outputs/linear_entanglement_1_rep/slurm_YYDPETGTWY_amber/replica_44/replica_44_ca.pdb
8,313296775,random,YYDPETGTWY,amber,86.42593073688653,4.783157502894264,17.17583106791114,6.54920715964193,5.508595556037851,4.848916770784997,73.38,aer,4096,outputs/linear_entanglement_1_rep/slurm_YYDPETGTWY_amber/replica_8/replica_8.pdb,outputs/linear_entanglement_1_rep/slurm_YYDPETGTWY_amber/replica_8/replica_8_ca.pdb
7,313296774,random,YYDPETGTWY,amber,57.364191998703916,4.812788581584056,18.828558212047497,6.858963420413127,5.508595556037851,4.848916770784997,114.09,aer,4096,outputs/linear_entanglement_1_rep/slurm_YYDPETGTWY_amber/replica_7/replica_7.pdb,outputs/linear_entanglement_1_rep/slurm_YYDPETGTWY_amber/replica_7/replica_7_ca.pdb
29,313296796,random,YYDPETGTWY,amber,-7.848559731430531,4.9416012756220855,18.7344559502078,6.624080041991042,5.508595556037851,4.848916770784997,221.39,aer,4096,outputs/linear_entanglement_1_rep/slurm_YYDPETGTWY_amber/replica_29/replica_29.pdb,outputs/linear_entanglement_1_rep/slurm_YYDPETGTWY_amber/replica_29/replica_29_ca.pdb
46,313296813,random,YYDPETGTWY,amber,36.377480924692044,5.039741854107016,19.673823422827468,7.043645381186435,5.508595556037851,4.848916770784997,320.16,aer,4096,outputs/linear_entanglement_1_rep/slurm_YYDPETGTWY_amber/replica_46/replica_46.pdb,outputs/linear_entanglement_1_rep/slurm_YYDPETGTWY_amber/replica_46/replica_46_ca.pdb
28,313296795,random,YYDPETGTWY,amber,4.007221806003042,5.049923855577439,18.455714249845826,6.314703605358973,5.508595556037851,4.848916770784997,415.16,aer,4096,outputs/linear_entanglement_1_rep/slurm_YYDPETGTWY_amber/replica_28/replica_28.pdb,outputs/linear_entanglement_1_rep/slurm_YYDPETGTWY_amber/replica_28/replica_28_ca.pdb
3,313296770,random,YYDPETGTWY,amber,-44.62911124696687,5.130984466030659,20.099725886072058,7.181754592347872,5.508595556037851,4.848916770784997,74.41,aer,4096,outputs/linear_entanglement_1_rep/slurm_YYDPETGTWY_amber/replica_3/replica_3.pdb,outputs/linear_entanglement_1_rep/slurm_YYDPETGTWY_amber/replica_3/replica_3_ca.pdb
45,313296812,random,YYDPETGTWY,amber,4.6635280086650654,5.16757238226213,20.32467483441734,6.935034099776156,5.508595556037851,4.848916770784997,388.13,aer,4096,outputs/linear_entanglement_1_rep/slurm_YYDPETGTWY_amber/replica_45/replica_45.pdb,outputs/linear_entanglement_1_rep/slurm_YYDPETGTWY_amber/replica_45/replica_45_ca.pdb
64,313296831,random,YYDPETGTWY,amber,-33.7508369827218,5.188001018635409,18.86385666164227,6.70262895953746,5.508595556037851,4.848916770784997,226.77,aer,4096,outputs/linear_entanglement_1_rep/slurm_YYDPETGTWY_amber/replica_64/replica_64.pdb,outputs/linear_entanglement_1_rep/slurm_YYDPETGTWY_amber/replica_64/replica_64_ca.pdb
32,313296799,random,YYDPETGTWY,amber,1.8472017760503139,5.199098198045844,16.454884078312347,6.758827443525192,5.508595556037851,4.848916770784997,467.14,aer,4096,outputs/linear_entanglement_1_rep/slurm_YYDPETGTWY_amber/replica_32/replica_32.pdb,outputs/linear_entanglement_1_rep/slurm_YYDPETGTWY_amber/replica_32/replica_32_ca.pdb
42,313296809,random,YYDPETGTWY,amber,92.56465349278064,5.199856711171752,17.151158939791372,6.926787066255816,5.508595556037851,4.848916770784997,308.54,aer,4096,outputs/linear_entanglement_1_rep/slurm_YYDPETGTWY_amber/replica_42/replica_42.pdb,outputs/linear_entanglement_1_rep/slurm_YYDPETGTWY_amber/replica_42/replica_42_ca.pdb
57,313296824,random,YYDPETGTWY,amber,82.739540727801,5.261615302171657,19.637145589903252,6.748311361851691,5.508595556037851,4.848916770784997,315.41,aer,4096,outputs/linear_entanglement_1_rep/slurm_YYDPETGTWY_amber/replica_57/replica_57.pdb,outputs/linear_entanglement_1_rep/slurm_YYDPETGTWY_amber/replica_57/replica_57_ca.pdb
10,313296777,random,YYDPETGTWY,amber,83.33168212355687,5.265981540712087,19.6426735193599,6.636444640191172,5.508595556037851,4.848916770784997,94.12,aer,4096,outputs/linear_entanglement_1_rep/slurm_YYDPETGTWY_amber/replica_10/replica_10.pdb,outputs/linear_entanglement_1_rep/slurm_YYDPETGTWY_amber/replica_10/replica_10_ca.pdb
35,313296802,random,YYDPETGTWY,amber,33.40526033932491,5.292822089129095,18.408241374105135,6.666850518505366,5.508595556037851,4.848916770784997,340.11,aer,4096,outputs/linear_entanglement_1_rep/slurm_YYDPETGTWY_amber/replica_35/replica_35.pdb,outputs/linear_entanglement_1_rep/slurm_YYDPETGTWY_amber/replica_35/replica_35_ca.pdb
41,313296808,random,YYDPETGTWY,amber,133.19889483801478,5.32467105023658,17.175499354158976,6.748276212403478,5.508595556037851,4.848916770784997,291.33,aer,4096,outputs/linear_entanglement_1_rep/slurm_YYDPETGTWY_amber/replica_41/replica_41.pdb,outputs/linear_entanglement_1_rep/slurm_YYDPETGTWY_amber/replica_41/replica_41_ca.pdb
9,313296776,random,YYDPETGTWY,amber,388.36397736210256,5.389706524906043,18.5520374412548,6.821077704983268,5.508595556037851,4.848916770784997,69.75,aer,4096,outputs/linear_entanglement_1_rep/slurm_YYDPETGTWY_amber/replica_9/replica_9.pdb,outputs/linear_entanglement_1_rep/slurm_YYDPETGTWY_amber/replica_9/replica_9_ca.pdb
21,313296788,random,YYDPETGTWY,amber,120.87076333463743,5.431800950906976,21.79160727149917,7.065830367080933,5.508595556037851,4.848916770784997,83.63,aer,4096,outputs/linear_entanglement_1_rep/slurm_YYDPETGTWY_amber/replica_21/replica_21.pdb,outputs/linear_entanglement_1_rep/slurm_YYDPETGTWY_amber/replica_21/replica_21_ca.pdb
38,313296805,random,YYDPETGTWY,amber,56.67783243870387,5.482173633964668,19.857478979495998,6.97100163689116,5.508595556037851,4.848916770784997,314.45,aer,4096,outputs/linear_entanglement_1_rep/slurm_YYDPETGTWY_amber/replica_38/replica_38.pdb,outputs/linear_entanglement_1_rep/slurm_YYDPETGTWY_amber/replica_38/replica_38_ca.pdb
16,313296783,random,YYDPETGTWY,amber,-78.58791315253625,5.5411027422646,18.95171307874609,6.532542137357196,5.508595556037851,4.848916770784997,144.57,aer,4096,outputs/linear_entanglement_1_rep/slurm_YYDPETGTWY_amber/replica_16/replica_16.pdb,outputs/linear_entanglement_1_rep/slurm_YYDPETGTWY_amber/replica_16/replica_16_ca.pdb
30,313296797,random,YYDPETGTWY,amber,-5.303401866994135,5.555838008915333,20.189709212877705,7.111170066811799,5.508595556037851,4.848916770784997,271.02,aer,4096,outputs/linear_entanglement_1_rep/slurm_YYDPETGTWY_amber/replica_30/replica_30.pdb,outputs/linear_entanglement_1_rep/slurm_YYDPETGTWY_amber/replica_30/replica_30_ca.pdb
56,313296823,random,YYDPETGTWY,amber,28.721681684333372,5.577877414890284,20.00145739298782,7.095256988742672,5.508595556037851,4.848916770784997,334.39,aer,4096,outputs/linear_entanglement_1_rep/slurm_YYDPETGTWY_amber/replica_56/replica_56.pdb,outputs/linear_entanglement_1_rep/slurm_YYDPETGTWY_amber/replica_56/replica_56_ca.pdb
0,313296767,random,YYDPETGTWY,amber,-14.03343884742431,5.602754950126643,21.73459890523929,7.600156794599703,5.508595556037851,4.848916770784997,141.6,aer,4096,outputs/linear_entanglement_1_rep/slurm_YYDPETGTWY_amber/replica_0/replica_0.pdb,outputs/linear_entanglement_1_rep/slurm_YYDPETGTWY_amber/replica_0/replica_0_ca.pdb
62,313296829,random,YYDPETGTWY,amber,32.643444870071164,5.638987049976627,21.462478257429122,7.131641555717776,5.508595556037851,4.848916770784997,299.03,aer,4096,outputs/linear_entanglement_1_rep/slurm_YYDPETGTWY_amber/replica_62/replica_62.pdb,outputs/linear_entanglement_1_rep/slurm_YYDPETGTWY_amber/replica_62/replica_62_ca.pdb
4,313296771,random,YYDPETGTWY,amber,109.56532247319306,5.649511167675427,20.628235663896188,7.3423886992868415,5.508595556037851,4.848916770784997,107.0,aer,4096,outputs/linear_entanglement_1_rep/slurm_YYDPETGTWY_amber/replica_4/replica_4.pdb,outputs/linear_entanglement_1_rep/slurm_YYDPETGTWY_amber/replica_4/replica_4_ca.pdb
24,313296791,random,YYDPETGTWY,amber,-38.6057995533706,5.692326544795068,20.074023916296348,7.135857717976919,5.508595556037851,4.848916770784997,226.6,aer,4096,outputs/linear_entanglement_1_rep/slurm_YYDPETGTWY_amber/replica_24/replica_24.pdb,outputs/linear_entanglement_1_rep/slurm_YYDPETGTWY_amber/replica_24/replica_24_ca.pdb
58,313296825,random,YYDPETGTWY,amber,-69.006491889718,5.710956861619744,21.712836377482905,7.366906871712943,5.508595556037851,4.848916770784997,320.9,aer,4096,outputs/linear_entanglement_1_rep/slurm_YYDPETGTWY_amber/replica_58/replica_58.pdb,outputs/linear_entanglement_1_rep/slurm_YYDPETGTWY_amber/replica_58/replica_58_ca.pdb
18,313296785,random,YYDPETGTWY,amber,67.06204805526389,5.7405892539210654,22.04982197804314,7.305895343744293,5.508595556037851,4.848916770784997,165.57,aer,4096,outputs/linear_entanglement_1_rep/slurm_YYDPETGTWY_amber/replica_18/replica_18.pdb,outputs/linear_entanglement_1_rep/slurm_YYDPETGTWY_amber/replica_18/replica_18_ca.pdb
47,313296814,random,YYDPETGTWY,amber,-53.95317489301061,5.768665140000446,20.56043167037665,7.29006773808759,5.508595556037851,4.848916770784997,298.28,aer,4096,outputs/linear_entanglement_1_rep/slurm_YYDPETGTWY_amber/replica_47/replica_47.pdb,outputs/linear_entanglement_1_rep/slurm_YYDPETGTWY_amber/replica_47/replica_47_ca.pdb
5,313296772,random,YYDPETGTWY,amber,11.3193784823865,5.785493618559572,21.88792351033859,7.219354598622246,5.508595556037851,4.848916770784997,75.43,aer,4096,outputs/linear_entanglement_1_rep/slurm_YYDPETGTWY_amber/replica_5/replica_5.pdb,outputs/linear_entanglement_1_rep/slurm_YYDPETGTWY_amber/replica_5/replica_5_ca.pdb
43,313296810,random,YYDPETGTWY,amber,-11.245006200615794,5.85912336490697,20.682646968908223,7.489205384180436,5.508595556037851,4.848916770784997,358.58,aer,4096,outputs/linear_entanglement_1_rep/slurm_YYDPETGTWY_amber/replica_43/replica_43.pdb,outputs/linear_entanglement_1_rep/slurm_YYDPETGTWY_amber/replica_43/replica_43_ca.pdb
20,313296787,random,YYDPETGTWY,amber,29.01216061178742,5.875482659333542,21.57022166838011,7.213303922267955,5.508595556037851,4.848916770784997,102.78,aer,4096,outputs/linear_entanglement_1_rep/slurm_YYDPETGTWY_amber/replica_20/replica_20.pdb,outputs/linear_entanglement_1_rep/slurm_YYDPETGTWY_amber/replica_20/replica_20_ca.pdb
36,313296803,random,YYDPETGTWY,amber,27.410384954647643,5.956259976839138,22.360328020839663,7.414098365389506,5.508595556037851,4.848916770784997,320.2,aer,4096,outputs/linear_entanglement_1_rep/slurm_YYDPETGTWY_amber/replica_36/replica_36.pdb,outputs/linear_entanglement_1_rep/slurm_YYDPETGTWY_amber/replica_36/replica_36_ca.pdb
63,313296830,random,YYDPETGTWY,amber,3.6851360314683967,5.998481522870461,19.47263033866484,6.9327607598097565,5.508595556037851,4.848916770784997,226.23,aer,4096,outputs/linear_entanglement_1_rep/slurm_YYDPETGTWY_amber/replica_63/replica_63.pdb,outputs/linear_entanglement_1_rep/slurm_YYDPETGTWY_amber/replica_63/replica_63_ca.pdb
65,313296832,random,YYDPETGTWY,amber,560.1847110457996,6.047195061657343,21.333077789828927,7.421965584627607,5.508595556037851,4.848916770784997,256.46,aer,4096,outputs/linear_entanglement_1_rep/slurm_YYDPETGTWY_amber/replica_65/replica_65.pdb,outputs/linear_entanglement_1_rep/slurm_YYDPETGTWY_amber/replica_65/replica_65_ca.pdb
55,313296822,random,YYDPETGTWY,amber,-67.74681065030055,6.0587426083602285,22.022820814475367,7.4453947437523365,5.508595556037851,4.848916770784997,341.36,aer,4096,outputs/linear_entanglement_1_rep/slurm_YYDPETGTWY_amber/replica_55/replica_55.pdb,outputs/linear_entanglement_1_rep/slurm_YYDPETGTWY_amber/replica_55/replica_55_ca.pdb
31,313296798,random,YYDPETGTWY,amber,70.91806705511668,6.068412097767827,21.623129687853357,7.169924967324171,5.508595556037851,4.848916770784997,621.12,aer,4096,outputs/linear_entanglement_1_rep/slurm_YYDPETGTWY_amber/replica_31/replica_31.pdb,outputs/linear_entanglement_1_rep/slurm_YYDPETGTWY_amber/replica_31/replica_31_ca.pdb
26,313296793,random,YYDPETGTWY,amber,72.90451498606085,6.149699514994984,22.139875617931033,7.639148699508575,5.508595556037851,4.848916770784997,327.95,aer,4096,outputs/linear_entanglement_1_rep/slurm_YYDPETGTWY_amber/replica_26/replica_26.pdb,outputs/linear_entanglement_1_rep/slurm_YYDPETGTWY_amber/replica_26/replica_26_ca.pdb
27,313296794,random,YYDPETGTWY,amber,83.69399291243529,6.1579271137809535,21.84719486501118,7.2785575992323315,5.508595556037851,4.848916770784997,297.17,aer,4096,outputs/linear_entanglement_1_rep/slurm_YYDPETGTWY_amber/replica_27/replica_27.pdb,outputs/linear_entanglement_1_rep/slurm_YYDPETGTWY_amber/replica_27/replica_27_ca.pdb
6,313296773,random,YYDPETGTWY,amber,97.59600845887232,6.162359819761605,22.28791053357814,7.617625205352222,5.508595556037851,4.848916770784997,106.65,aer,4096,outputs/linear_entanglement_1_rep/slurm_YYDPETGTWY_amber/replica_6/replica_6.pdb,outputs/linear_entanglement_1_rep/slurm_YYDPETGTWY_amber/replica_6/replica_6_ca.pdb
60,313296827,random,YYDPETGTWY,amber,-65.57641631540366,6.208013140154206,21.895076155134014,7.456058419569304,5.508595556037851,4.848916770784997,266.59,aer,4096,outputs/linear_entanglement_1_rep/slurm_YYDPETGTWY_amber/replica_60/replica_60.pdb,outputs/linear_entanglement_1_rep/slurm_YYDPETGTWY_amber/replica_60/replica_60_ca.pdb
1,313296768,random,YYDPETGTWY,amber,116.5033162125002,6.247087519144638,19.989749680669533,7.079480003829432,5.508595556037851,4.848916770784997,95.76,aer,4096,outputs/linear_entanglement_1_rep/slurm_YYDPETGTWY_amber/replica_1/replica_1.pdb,outputs/linear_entanglement_1_rep/slurm_YYDPETGTWY_amber/replica_1/replica_1_ca.pdb
23,313296790,random,YYDPETGTWY,amber,-38.700008416791945,6.274354388834981,21.217943364610594,7.574400005800057,5.508595556037851,4.848916770784997,348.19,aer,4096,outputs/linear_entanglement_1_rep/slurm_YYDPETGTWY_amber/replica_23/replica_23.pdb,outputs/linear_entanglement_1_rep/slurm_YYDPETGTWY_amber/replica_23/replica_23_ca.pdb
54,313296821,random,YYDPETGTWY,amber,-53.67281673772222,6.286189500293326,20.895501162109102,7.196920847826584,5.508595556037851,4.848916770784997,347.04,aer,4096,outputs/linear_entanglement_1_rep/slurm_YYDPETGTWY_amber/replica_54/replica_54.pdb,outputs/linear_entanglement_1_rep/slurm_YYDPETGTWY_amber/replica_54/replica_54_ca.pdb
48,313296815,random,YYDPETGTWY,amber,3.957226170309707,6.301549315932537,21.241200529297622,7.767765538039026,5.508595556037851,4.848916770784997,256.58,aer,4096,outputs/linear_entanglement_1_rep/slurm_YYDPETGTWY_amber/replica_48/replica_48.pdb,outputs/linear_entanglement_1_rep/slurm_YYDPETGTWY_amber/replica_48/replica_48_ca.pdb
2,313296769,random,YYDPETGTWY,amber,71.22671326066903,6.362524873295897,24.22029371590335,7.924448483832742,5.508595556037851,4.848916770784997,159.27,aer,4096,outputs/linear_entanglement_1_rep/slurm_YYDPETGTWY_amber/replica_2/replica_2.pdb,outputs/linear_entanglement_1_rep/slurm_YYDPETGTWY_amber/replica_2/replica_2_ca.pdb
11,313296778,random,YYDPETGTWY,amber,16.07198815878438,6.369133939824648,21.612621871535204,7.44611784634046,5.508595556037851,4.848916770784997,87.88,aer,4096,outputs/linear_entanglement_1_rep/slurm_YYDPETGTWY_amber/replica_11/replica_11.pdb,outputs/linear_entanglement_1_rep/slurm_YYDPETGTWY_amber/replica_11/replica_11_ca.pdb
17,313296784,random,YYDPETGTWY,amber,28.329525989427115,6.389321983358956,22.786847187842106,7.5617280565558636,5.508595556037851,4.848916770784997,100.61,aer,4096,outputs/linear_entanglement_1_rep/slurm_YYDPETGTWY_amber/replica_17/replica_17.pdb,outputs/linear_entanglement_1_rep/slurm_YYDPETGTWY_amber/replica_17/replica_17_ca.pdb
15,313296782,random,YYDPETGTWY,amber,34.603769780666155,6.38937570735213,21.987316695023065,7.680770824562576,5.508595556037851,4.848916770784997,159.99,aer,4096,outputs/linear_entanglement_1_rep/slurm_YYDPETGTWY_amber/replica_15/replica_15.pdb,outputs/linear_entanglement_1_rep/slurm_YYDPETGTWY_amber/replica_15/replica_15_ca.pdb
53,313296820,random,YYDPETGTWY,amber,-9.744100120233352,6.3972822264954345,22.782652492003983,7.517395918057397,5.508595556037851,4.848916770784997,222.33,aer,4096,outputs/linear_entanglement_1_rep/slurm_YYDPETGTWY_amber/replica_53/replica_53.pdb,outputs/linear_entanglement_1_rep/slurm_YYDPETGTWY_amber/replica_53/replica_53_ca.pdb
52,313296819,random,YYDPETGTWY,amber,142.93737480731534,6.421247335828571,23.522818704383724,7.581853637196412,5.508595556037851,4.848916770784997,316.54,aer,4096,outputs/linear_entanglement_1_rep/slurm_YYDPETGTWY_amber/replica_52/replica_52.pdb,outputs/linear_entanglement_1_rep/slurm_YYDPETGTWY_amber/replica_52/replica_52_ca.pdb
37,313296804,random,YYDPETGTWY,amber,13.452922146853666,6.444551413357128,23.393605962941844,7.477852497387443,5.508595556037851,4.848916770784997,244.2,aer,4096,outputs/linear_entanglement_1_rep/slurm_YYDPETGTWY_amber/replica_37/replica_37.pdb,outputs/linear_entanglement_1_rep/slurm_YYDPETGTWY_amber/replica_37/replica_37_ca.pdb
12,313296779,random,YYDPETGTWY,amber,-26.637726708565356,6.467791849334625,22.68829074217149,7.6399265865699055,5.508595556037851,4.848916770784997,77.71,aer,4096,outputs/linear_entanglement_1_rep/slurm_YYDPETGTWY_amber/replica_12/replica_12.pdb,outputs/linear_entanglement_1_rep/slurm_YYDPETGTWY_amber/replica_12/replica_12_ca.pdb
49,313296816,random,YYDPETGTWY,amber,-38.684054691536396,6.487085582884995,22.03563445567197,7.437562463283975,5.508595556037851,4.848916770784997,373.32,aer,4096,outputs/linear_entanglement_1_rep/slurm_YYDPETGTWY_amber/replica_49/replica_49.pdb,outputs/linear_entanglement_1_rep/slurm_YYDPETGTWY_amber/replica_49/replica_49_ca.pdb
13,313296780,random,YYDPETGTWY,amber,149.90715106502813,6.633396293901355,23.843885236756265,7.841988270287151,5.508595556037851,4.848916770784997,88.46,aer,4096,outputs/linear_entanglement_1_rep/slurm_YYDPETGTWY_amber/replica_13/replica_13.pdb,outputs/linear_entanglement_1_rep/slurm_YYDPETGTWY_amber/replica_13/replica_13_ca.pdb
34,313296801,random,YYDPETGTWY,amber,-16.660119737524237,6.816391180872977,23.657001292914146,7.736069017225349,5.508595556037851,4.848916770784997,436.46,aer,4096,outputs/linear_entanglement_1_rep/slurm_YYDPETGTWY_amber/replica_34/replica_34.pdb,outputs/linear_entanglement_1_rep/slurm_YYDPETGTWY_amber/replica_34/replica_34_ca.pdb
51,313296818,random,YYDPETGTWY,amber,-68.11692210156006,6.830173196445061,23.477105413086562,7.450975981862193,5.508595556037851,4.848916770784997,311.97,aer,4096,outputs/linear_entanglement_1_rep/slurm_YYDPETGTWY_amber/replica_51/replica_51.pdb,outputs/linear_entanglement_1_rep/slurm_YYDPETGTWY_amber/replica_51/replica_51_ca.pdb
50,313296817,random,YYDPETGTWY,amber,521.3942093607428,6.833839016315981,24.15997181979568,7.911153867927388,5.508595556037851,4.848916770784997,381.17,aer,4096,outputs/linear_entanglement_1_rep/slurm_YYDPETGTWY_amber/replica_50/replica_50.pdb,outputs/linear_entanglement_1_rep/slurm_YYDPETGTWY_amber/replica_50/replica_50_ca.pdb
40,313296807,random,YYDPETGTWY,amber,36.462872743520634,6.896777754239993,24.2950035201808,7.887723333031711,5.508595556037851,4.848916770784997,234.02,aer,4096,outputs/linear_entanglement_1_rep/slurm_YYDPETGTWY_amber/replica_40/replica_40.pdb,outputs/linear_entanglement_1_rep/slurm_YYDPETGTWY_amber/replica_40/replica_40_ca.pdb
33,313296800,random,YYDPETGTWY,amber,58.583541272176674,6.967444651700137,24.31838026221227,8.076618012394368,5.508595556037851,4.848916770784997,285.26,aer,4096,outputs/linear_entanglement_1_rep/slurm_YYDPETGTWY_amber/replica_33/replica_33.pdb,outputs/linear_entanglement_1_rep/slurm_YYDPETGTWY_amber/replica_33/replica_33_ca.pdb
39,313296806,random,YYDPETGTWY,amber,-55.827670723661456,6.972962336605788,25.00365952981431,7.940464700086707,5.508595556037851,4.848916770784997,280.16,aer,4096,outputs/linear_entanglement_1_rep/slurm_YYDPETGTWY_amber/replica_39/replica_39.pdb,outputs/linear_entanglement_1_rep/slurm_YYDPETGTWY_amber/replica_39/replica_39_ca.pdb
