res_index0,resseq,aa,native_phi_deg,native_psi_deg,nearest_phi_deg,nearest_psi_deg,phi_error_deg,psi_error_deg,backbone_pair_error_deg_euclid,inside_any_basin_window,exactly_on_backbone_grid,partial_backbone_axis
0,1,Y,,150.43788146972656,,150.0,,0.4378814697265625,0.4378814697265625,,False,psi
1,2,Y,-93.26409912109375,138.4417724609375,-90.0,135.0,3.26409912109375,3.4417724609375,4.7434313260753305,True,False,
2,3,D,-75.57640075683594,133.63389587402344,-75.0,135.0,0.5764007568359375,1.3661041259765625,1.4827266489448516,True,False,
3,4,P,-71.80144500732422,-20.916339874267578,-75.0,-15.0,3.1985549926757812,5.916339874267578,6.7256101246667335,True,False,
4,5,E,-91.87464141845703,-40.78604507446289,-90.0,-45.0,1.8746414184570312,4.213954925537109,4.612124950849994,False,False,
5,6,T,-106.27694702148438,-17.06817626953125,-90.0,-15.0,16.276947021484375,2.06817626953125,16.407813913561466,False,False,
6,7,G,70.39755249023438,17.041099548339844,75.0,15.0,4.602447509765625,2.0410995483398438,5.034740355408699,True,False,
7,8,T,-103.99726867675781,153.27496337890625,-105.0,150.0,1.0027313232421875,3.27496337890625,3.425033611482969,True,False,
8,9,W,-80.57170867919922,133.24240112304688,-75.0,135.0,5.571708679199219,1.757598876953125,5.8423532431829885,True,False,
9,10,Y,-136.8248291015625,,-135.0,,1.8248291015625,,1.8248291015625,,False,phi
