experiment_id,protein_name,protein_label,reference_pdb_id,reference_pdb_path,sequence,forcefield,chi_mode,hbond_scale,sasa_scale,vdw_rep_scale,vdw_attr_scale,rotamer_scale,pi_stack_scale,n_beam_rows,native_like_count,non_native_count,native_like_thresh,best_energy,best_energy_rmsd,best_energy_rank,best_energy_e2e,best_energy_rg,best_rmsd,best_rmsd_energy,best_rmsd_rank,best_rmsd_e2e,best_rmsd_rg,native_energy,native_rebuilt_rmsd,native_rebuilt_e2e,native_rebuilt_rg,native_end_to_end,native_rg
MBH12_ff-amber_chi-selective_hb-0.6_sasa-0.7_vdwr-0.05_vdwa-0.1,MBH12,MBH12 (1K43),1K43,/home/raubenb/gitrepos/QTF/1K43.pdb,RGKWTYNGITYEGR,amber,selective,0.6,0.7,0.05,0.1,0.5,0.25,1200,0,200,2.0,-49.82340405780958,5.104207065848606,1,6.646244885063433,5.307970391285293,4.445673616136651,-8.375050157423589,127,8.178404498682388,5.0935676260976175,185.42050835790613,0.2503233328232777,5.378514054161915,6.475586512579639,6.053646087646484,6.613679885864258
MBH12_ff-amber_chi-selective_hb-0.6_sasa-0.7_vdwr-0.05_vdwa-0.1,MBH12,MBH12 (1K43),1K43,/home/raubenb/gitrepos/QTF/1K43.pdb,RGKWTYNGITYEGR,amber,selective,0.6,0.7,0.05,0.1,0.5,0.25,1200,0,200,2.0,-49.82340405780958,5.104207065848606,1,6.646244885063433,5.307970391285293,4.445673616136651,-8.375050157423589,127,8.178404498682388,5.0935676260976175,185.42050835790613,0.2503233328232777,5.378514054161915,6.475586512579639,6.053646087646484,6.613679885864258
MBH12_ff-amber_chi-selective_hb-0.6_sasa-0.7_vdwr-0.05_vdwa-0.1,MBH12,MBH12 (1K43),1K43,/home/raubenb/gitrepos/QTF/1K43.pdb,RGKWTYNGITYEGR,amber,selective,0.6,0.7,0.05,0.1,0.5,0.25,1200,0,200,2.0,-49.82340405780958,5.104207065848606,1,6.646244885063433,5.307970391285293,4.445673616136651,-8.375050157423589,127,8.178404498682388,5.0935676260976175,185.42050835790613,0.2503233328232777,5.378514054161915,6.475586512579639,6.053646087646484,6.613679885864258
MBH12_ff-amber_chi-selective_hb-0.6_sasa-0.7_vdwr-0.05_vdwa-0.1,MBH12,MBH12 (1K43),1K43,/home/raubenb/gitrepos/QTF/1K43.pdb,RGKWTYNGITYEGR,amber,selective,0.6,0.7,0.05,0.1,0.5,0.25,1200,0,200,2.0,-49.82340405780958,5.104207065848606,1,6.646244885063433,5.307970391285293,4.445673616136651,-8.375050157423589,127,8.178404498682388,5.0935676260976175,181.7337457716524,0.2503233328232777,5.378514054161915,6.475586512579639,6.053646087646484,6.613679885864258
MBH12_ff-amber_chi-selective_hb-0.6_sasa-0.7_vdwr-0.05_vdwa-0.1,MBH12,MBH12 (1K43),1K43,/home/raubenb/gitrepos/QTF/1K43.pdb,RGKWTYNGITYEGR,amber,selective,0.6,0.7,0.05,0.1,0.5,0.25,1200,0,200,2.0,-49.82340405780958,5.104207065848606,1,6.646244885063433,5.307970391285293,4.445673616136651,-8.375050157423589,127,8.178404498682388,5.0935676260976175,181.7337457716524,0.2503233328232777,5.378514054161915,6.475586512579639,6.053646087646484,6.613679885864258
MBH12_ff-amber_chi-selective_hb-0.6_sasa-0.7_vdwr-0.05_vdwa-0.1,MBH12,MBH12 (1K43),1K43,/home/raubenb/gitrepos/QTF/1K43.pdb,RGKWTYNGITYEGR,amber,selective,0.6,0.7,0.05,0.1,0.5,0.25,1200,0,200,2.0,-49.82340405780958,5.104207065848606,1,6.646244885063433,5.307970391285293,4.445673616136651,-8.375050157423589,127,8.178404498682388,5.0935676260976175,181.7337457716524,0.2503233328232777,5.378514054161915,6.475586512579639,6.053646087646484,6.613679885864258
MBH12_ff-amber_chi-selective_hb-0.6_sasa-0.7_vdwr-0.05_vdwa-0.15,MBH12,MBH12 (1K43),1K43,/home/raubenb/gitrepos/QTF/1K43.pdb,RGKWTYNGITYEGR,amber,selective,0.6,0.7,0.05,0.15,0.5,0.25,1200,0,200,2.0,-56.98194279169392,5.104207065848606,1,6.646244885063433,5.307970391285293,4.445673616136651,-25.576655977677248,107,8.178404498682388,5.0935676260976175,180.63250107619012,0.2503233328232777,5.378514054161915,6.475586512579639,6.053646087646484,6.613679885864258
MBH12_ff-amber_chi-selective_hb-0.6_sasa-0.7_vdwr-0.05_vdwa-0.15,MBH12,MBH12 (1K43),1K43,/home/raubenb/gitrepos/QTF/1K43.pdb,RGKWTYNGITYEGR,amber,selective,0.6,0.7,0.05,0.15,0.5,0.25,1200,0,200,2.0,-56.98194279169392,5.104207065848606,1,6.646244885063433,5.307970391285293,4.445673616136651,-25.576655977677248,107,8.178404498682388,5.0935676260976175,180.63250107619012,0.2503233328232777,5.378514054161915,6.475586512579639,6.053646087646484,6.613679885864258
MBH12_ff-amber_chi-selective_hb-0.6_sasa-0.7_vdwr-0.05_vdwa-0.15,MBH12,MBH12 (1K43),1K43,/home/raubenb/gitrepos/QTF/1K43.pdb,RGKWTYNGITYEGR,amber,selective,0.6,0.7,0.05,0.15,0.5,0.25,1200,0,200,2.0,-56.98194279169392,5.104207065848606,1,6.646244885063433,5.307970391285293,4.445673616136651,-25.576655977677248,107,8.178404498682388,5.0935676260976175,180.63250107619012,0.2503233328232777,5.378514054161915,6.475586512579639,6.053646087646484,6.613679885864258
MBH12_ff-amber_chi-selective_hb-0.6_sasa-0.7_vdwr-0.05_vdwa-0.15,MBH12,MBH12 (1K43),1K43,/home/raubenb/gitrepos/QTF/1K43.pdb,RGKWTYNGITYEGR,amber,selective,0.6,0.7,0.05,0.15,0.5,0.25,1200,0,200,2.0,-56.98194279169392,5.104207065848606,1,6.646244885063433,5.307970391285293,4.445673616136651,-25.576655977677248,107,8.178404498682388,5.0935676260976175,176.9457384899364,0.2503233328232777,5.378514054161915,6.475586512579639,6.053646087646484,6.613679885864258
MBH12_ff-amber_chi-selective_hb-0.6_sasa-0.7_vdwr-0.05_vdwa-0.15,MBH12,MBH12 (1K43),1K43,/home/raubenb/gitrepos/QTF/1K43.pdb,RGKWTYNGITYEGR,amber,selective,0.6,0.7,0.05,0.15,0.5,0.25,1200,0,200,2.0,-56.98194279169392,5.104207065848606,1,6.646244885063433,5.307970391285293,4.445673616136651,-25.576655977677248,107,8.178404498682388,5.0935676260976175,176.9457384899364,0.2503233328232777,5.378514054161915,6.475586512579639,6.053646087646484,6.613679885864258
MBH12_ff-amber_chi-selective_hb-0.6_sasa-0.7_vdwr-0.05_vdwa-0.15,MBH12,MBH12 (1K43),1K43,/home/raubenb/gitrepos/QTF/1K43.pdb,RGKWTYNGITYEGR,amber,selective,0.6,0.7,0.05,0.15,0.5,0.25,1200,0,200,2.0,-56.98194279169392,5.104207065848606,1,6.646244885063433,5.307970391285293,4.445673616136651,-25.576655977677248,107,8.178404498682388,5.0935676260976175,176.9457384899364,0.2503233328232777,5.378514054161915,6.475586512579639,6.053646087646484,6.613679885864258
MBH12_ff-amber_chi-selective_hb-0.6_sasa-0.8_vdwr-0.05_vdwa-0.1,MBH12,MBH12 (1K43),1K43,/home/raubenb/gitrepos/QTF/1K43.pdb,RGKWTYNGITYEGR,amber,selective,0.6,0.8,0.05,0.1,0.5,0.25,1200,0,200,2.0,-49.65674907744744,5.104207065848606,1,6.646244885063433,5.307970391285293,4.445673616136651,-16.47988838553107,91,8.178404498682388,5.0935676260976175,212.21458550889312,0.2503233328232777,5.378514054161915,6.475586512579639,6.053646087646484,6.613679885864258
MBH12_ff-amber_chi-selective_hb-0.6_sasa-0.8_vdwr-0.05_vdwa-0.1,MBH12,MBH12 (1K43),1K43,/home/raubenb/gitrepos/QTF/1K43.pdb,RGKWTYNGITYEGR,amber,selective,0.6,0.8,0.05,0.1,0.5,0.25,1200,0,200,2.0,-49.65674907744744,5.104207065848606,1,6.646244885063433,5.307970391285293,4.445673616136651,-16.47988838553107,91,8.178404498682388,5.0935676260976175,212.21458550889312,0.2503233328232777,5.378514054161915,6.475586512579639,6.053646087646484,6.613679885864258
MBH12_ff-amber_chi-selective_hb-0.6_sasa-0.8_vdwr-0.05_vdwa-0.1,MBH12,MBH12 (1K43),1K43,/home/raubenb/gitrepos/QTF/1K43.pdb,RGKWTYNGITYEGR,amber,selective,0.6,0.8,0.05,0.1,0.5,0.25,1200,0,200,2.0,-49.65674907744744,5.104207065848606,1,6.646244885063433,5.307970391285293,4.445673616136651,-16.47988838553107,91,8.178404498682388,5.0935676260976175,212.21458550889312,0.2503233328232777,5.378514054161915,6.475586512579639,6.053646087646484,6.613679885864258
MBH12_ff-amber_chi-selective_hb-0.6_sasa-0.8_vdwr-0.05_vdwa-0.1,MBH12,MBH12 (1K43),1K43,/home/raubenb/gitrepos/QTF/1K43.pdb,RGKWTYNGITYEGR,amber,selective,0.6,0.8,0.05,0.1,0.5,0.25,1200,0,200,2.0,-49.65674907744744,5.104207065848606,1,6.646244885063433,5.307970391285293,4.445673616136651,-16.47988838553107,91,8.178404498682388,5.0935676260976175,208.52782292263936,0.2503233328232777,5.378514054161915,6.475586512579639,6.053646087646484,6.613679885864258
MBH12_ff-amber_chi-selective_hb-0.6_sasa-0.8_vdwr-0.05_vdwa-0.1,MBH12,MBH12 (1K43),1K43,/home/raubenb/gitrepos/QTF/1K43.pdb,RGKWTYNGITYEGR,amber,selective,0.6,0.8,0.05,0.1,0.5,0.25,1200,0,200,2.0,-49.65674907744744,5.104207065848606,1,6.646244885063433,5.307970391285293,4.445673616136651,-16.47988838553107,91,8.178404498682388,5.0935676260976175,208.52782292263936,0.2503233328232777,5.378514054161915,6.475586512579639,6.053646087646484,6.613679885864258
MBH12_ff-amber_chi-selective_hb-0.6_sasa-0.8_vdwr-0.05_vdwa-0.1,MBH12,MBH12 (1K43),1K43,/home/raubenb/gitrepos/QTF/1K43.pdb,RGKWTYNGITYEGR,amber,selective,0.6,0.8,0.05,0.1,0.5,0.25,1200,0,200,2.0,-49.65674907744744,5.104207065848606,1,6.646244885063433,5.307970391285293,4.445673616136651,-16.47988838553107,91,8.178404498682388,5.0935676260976175,208.52782292263936,0.2503233328232777,5.378514054161915,6.475586512579639,6.053646087646484,6.613679885864258
MBH12_ff-amber_chi-selective_hb-0.6_sasa-0.8_vdwr-0.05_vdwa-0.15,MBH12,MBH12 (1K43),1K43,/home/raubenb/gitrepos/QTF/1K43.pdb,RGKWTYNGITYEGR,amber,selective,0.6,0.8,0.05,0.15,0.5,0.25,1200,0,200,2.0,-56.81528781133178,5.104207065848606,1,6.646244885063433,5.307970391285293,4.445673616136651,-24.539216130085208,107,8.178404498682388,5.0935676260976175,207.42657822717717,0.2503233328232777,5.378514054161915,6.475586512579639,6.053646087646484,6.613679885864258
MBH12_ff-amber_chi-selective_hb-0.6_sasa-0.8_vdwr-0.05_vdwa-0.15,MBH12,MBH12 (1K43),1K43,/home/raubenb/gitrepos/QTF/1K43.pdb,RGKWTYNGITYEGR,amber,selective,0.6,0.8,0.05,0.15,0.5,0.25,1200,0,200,2.0,-56.81528781133178,5.104207065848606,1,6.646244885063433,5.307970391285293,4.445673616136651,-24.539216130085208,107,8.178404498682388,5.0935676260976175,207.42657822717717,0.2503233328232777,5.378514054161915,6.475586512579639,6.053646087646484,6.613679885864258
MBH12_ff-amber_chi-selective_hb-0.6_sasa-0.8_vdwr-0.05_vdwa-0.15,MBH12,MBH12 (1K43),1K43,/home/raubenb/gitrepos/QTF/1K43.pdb,RGKWTYNGITYEGR,amber,selective,0.6,0.8,0.05,0.15,0.5,0.25,1200,0,200,2.0,-56.81528781133178,5.104207065848606,1,6.646244885063433,5.307970391285293,4.445673616136651,-24.539216130085208,107,8.178404498682388,5.0935676260976175,207.42657822717717,0.2503233328232777,5.378514054161915,6.475586512579639,6.053646087646484,6.613679885864258
MBH12_ff-amber_chi-selective_hb-0.6_sasa-0.8_vdwr-0.05_vdwa-0.15,MBH12,MBH12 (1K43),1K43,/home/raubenb/gitrepos/QTF/1K43.pdb,RGKWTYNGITYEGR,amber,selective,0.6,0.8,0.05,0.15,0.5,0.25,1200,0,200,2.0,-56.81528781133178,5.104207065848606,1,6.646244885063433,5.307970391285293,4.445673616136651,-24.539216130085208,107,8.178404498682388,5.0935676260976175,203.73981564092335,0.2503233328232777,5.378514054161915,6.475586512579639,6.053646087646484,6.613679885864258
MBH12_ff-amber_chi-selective_hb-0.6_sasa-0.8_vdwr-0.05_vdwa-0.15,MBH12,MBH12 (1K43),1K43,/home/raubenb/gitrepos/QTF/1K43.pdb,RGKWTYNGITYEGR,amber,selective,0.6,0.8,0.05,0.15,0.5,0.25,1200,0,200,2.0,-56.81528781133178,5.104207065848606,1,6.646244885063433,5.307970391285293,4.445673616136651,-24.539216130085208,107,8.178404498682388,5.0935676260976175,203.73981564092335,0.2503233328232777,5.378514054161915,6.475586512579639,6.053646087646484,6.613679885864258
MBH12_ff-amber_chi-selective_hb-0.6_sasa-0.8_vdwr-0.05_vdwa-0.15,MBH12,MBH12 (1K43),1K43,/home/raubenb/gitrepos/QTF/1K43.pdb,RGKWTYNGITYEGR,amber,selective,0.6,0.8,0.05,0.15,0.5,0.25,1200,0,200,2.0,-56.81528781133178,5.104207065848606,1,6.646244885063433,5.307970391285293,4.445673616136651,-24.539216130085208,107,8.178404498682388,5.0935676260976175,203.73981564092335,0.2503233328232777,5.378514054161915,6.475586512579639,6.053646087646484,6.613679885864258
MBH12_ff-amber_chi-selective_hb-0.75_sasa-0.7_vdwr-0.05_vdwa-0.1,MBH12,MBH12 (1K43),1K43,/home/raubenb/gitrepos/QTF/1K43.pdb,RGKWTYNGITYEGR,amber,selective,0.75,0.7,0.05,0.1,0.5,0.25,1200,0,200,2.0,-71.02187531708158,5.104207065848606,1,6.646244885063433,5.307970391285293,4.445673616136651,-31.49975825981408,89,8.178404498682388,5.0935676260976175,171.02550354754166,0.2503233328232777,5.378514054161915,6.475586512579639,6.053646087646484,6.613679885864258
MBH12_ff-amber_chi-selective_hb-0.75_sasa-0.7_vdwr-0.05_vdwa-0.1,MBH12,MBH12 (1K43),1K43,/home/raubenb/gitrepos/QTF/1K43.pdb,RGKWTYNGITYEGR,amber,selective,0.75,0.7,0.05,0.1,0.5,0.25,1200,0,200,2.0,-71.02187531708158,5.104207065848606,1,6.646244885063433,5.307970391285293,4.445673616136651,-31.49975825981408,89,8.178404498682388,5.0935676260976175,171.02550354754166,0.2503233328232777,5.378514054161915,6.475586512579639,6.053646087646484,6.613679885864258
MBH12_ff-amber_chi-selective_hb-0.75_sasa-0.7_vdwr-0.05_vdwa-0.1,MBH12,MBH12 (1K43),1K43,/home/raubenb/gitrepos/QTF/1K43.pdb,RGKWTYNGITYEGR,amber,selective,0.75,0.7,0.05,0.1,0.5,0.25,1200,0,200,2.0,-71.02187531708158,5.104207065848606,1,6.646244885063433,5.307970391285293,4.445673616136651,-31.49975825981408,89,8.178404498682388,5.0935676260976175,171.02550354754166,0.2503233328232777,5.378514054161915,6.475586512579639,6.053646087646484,6.613679885864258
MBH12_ff-amber_chi-selective_hb-0.75_sasa-0.7_vdwr-0.05_vdwa-0.1,MBH12,MBH12 (1K43),1K43,/home/raubenb/gitrepos/QTF/1K43.pdb,RGKWTYNGITYEGR,amber,selective,0.75,0.7,0.05,0.1,0.5,0.25,1200,0,200,2.0,-71.02187531708158,5.104207065848606,1,6.646244885063433,5.307970391285293,4.445673616136651,-31.49975825981408,89,8.178404498682388,5.0935676260976175,167.3387409612879,0.2503233328232777,5.378514054161915,6.475586512579639,6.053646087646484,6.613679885864258
MBH12_ff-amber_chi-selective_hb-0.75_sasa-0.7_vdwr-0.05_vdwa-0.1,MBH12,MBH12 (1K43),1K43,/home/raubenb/gitrepos/QTF/1K43.pdb,RGKWTYNGITYEGR,amber,selective,0.75,0.7,0.05,0.1,0.5,0.25,1200,0,200,2.0,-71.02187531708158,5.104207065848606,1,6.646244885063433,5.307970391285293,4.445673616136651,-31.49975825981408,89,8.178404498682388,5.0935676260976175,167.3387409612879,0.2503233328232777,5.378514054161915,6.475586512579639,6.053646087646484,6.613679885864258
MBH12_ff-amber_chi-selective_hb-0.75_sasa-0.7_vdwr-0.05_vdwa-0.1,MBH12,MBH12 (1K43),1K43,/home/raubenb/gitrepos/QTF/1K43.pdb,RGKWTYNGITYEGR,amber,selective,0.75,0.7,0.05,0.1,0.5,0.25,1200,0,200,2.0,-71.02187531708158,5.104207065848606,1,6.646244885063433,5.307970391285293,4.445673616136651,-31.49975825981408,89,8.178404498682388,5.0935676260976175,167.3387409612879,0.2503233328232777,5.378514054161915,6.475586512579639,6.053646087646484,6.613679885864258
MBH12_ff-amber_chi-selective_hb-0.75_sasa-0.7_vdwr-0.05_vdwa-0.15,MBH12,MBH12 (1K43),1K43,/home/raubenb/gitrepos/QTF/1K43.pdb,RGKWTYNGITYEGR,amber,selective,0.75,0.7,0.05,0.15,0.5,0.25,1200,0,200,2.0,-78.18041405096591,5.104207065848606,1,6.646244885063433,5.307970391285293,4.445673616136651,-48.365588679755945,73,8.178404498682388,5.0935676260976175,166.23749626582568,0.2503233328232777,5.378514054161915,6.475586512579639,6.053646087646484,6.613679885864258
MBH12_ff-amber_chi-selective_hb-0.75_sasa-0.7_vdwr-0.05_vdwa-0.15,MBH12,MBH12 (1K43),1K43,/home/raubenb/gitrepos/QTF/1K43.pdb,RGKWTYNGITYEGR,amber,selective,0.75,0.7,0.05,0.15,0.5,0.25,1200,0,200,2.0,-78.18041405096591,5.104207065848606,1,6.646244885063433,5.307970391285293,4.445673616136651,-48.365588679755945,73,8.178404498682388,5.0935676260976175,166.23749626582568,0.2503233328232777,5.378514054161915,6.475586512579639,6.053646087646484,6.613679885864258
MBH12_ff-amber_chi-selective_hb-0.75_sasa-0.7_vdwr-0.05_vdwa-0.15,MBH12,MBH12 (1K43),1K43,/home/raubenb/gitrepos/QTF/1K43.pdb,RGKWTYNGITYEGR,amber,selective,0.75,0.7,0.05,0.15,0.5,0.25,1200,0,200,2.0,-78.18041405096591,5.104207065848606,1,6.646244885063433,5.307970391285293,4.445673616136651,-48.365588679755945,73,8.178404498682388,5.0935676260976175,166.23749626582568,0.2503233328232777,5.378514054161915,6.475586512579639,6.053646087646484,6.613679885864258
MBH12_ff-amber_chi-selective_hb-0.75_sasa-0.7_vdwr-0.05_vdwa-0.15,MBH12,MBH12 (1K43),1K43,/home/raubenb/gitrepos/QTF/1K43.pdb,RGKWTYNGITYEGR,amber,selective,0.75,0.7,0.05,0.15,0.5,0.25,1200,0,200,2.0,-78.18041405096591,5.104207065848606,1,6.646244885063433,5.307970391285293,4.445673616136651,-48.365588679755945,73,8.178404498682388,5.0935676260976175,162.55073367957192,0.2503233328232777,5.378514054161915,6.475586512579639,6.053646087646484,6.613679885864258
MBH12_ff-amber_chi-selective_hb-0.75_sasa-0.7_vdwr-0.05_vdwa-0.15,MBH12,MBH12 (1K43),1K43,/home/raubenb/gitrepos/QTF/1K43.pdb,RGKWTYNGITYEGR,amber,selective,0.75,0.7,0.05,0.15,0.5,0.25,1200,0,200,2.0,-78.18041405096591,5.104207065848606,1,6.646244885063433,5.307970391285293,4.445673616136651,-48.365588679755945,73,8.178404498682388,5.0935676260976175,162.55073367957192,0.2503233328232777,5.378514054161915,6.475586512579639,6.053646087646484,6.613679885864258
MBH12_ff-amber_chi-selective_hb-0.75_sasa-0.7_vdwr-0.05_vdwa-0.15,MBH12,MBH12 (1K43),1K43,/home/raubenb/gitrepos/QTF/1K43.pdb,RGKWTYNGITYEGR,amber,selective,0.75,0.7,0.05,0.15,0.5,0.25,1200,0,200,2.0,-78.18041405096591,5.104207065848606,1,6.646244885063433,5.307970391285293,4.445673616136651,-48.365588679755945,73,8.178404498682388,5.0935676260976175,162.55073367957192,0.2503233328232777,5.378514054161915,6.475586512579639,6.053646087646484,6.613679885864258
MBH12_ff-amber_chi-selective_hb-0.75_sasa-0.8_vdwr-0.05_vdwa-0.1,MBH12,MBH12 (1K43),1K43,/home/raubenb/gitrepos/QTF/1K43.pdb,RGKWTYNGITYEGR,amber,selective,0.75,0.8,0.05,0.1,0.5,0.25,1200,0,200,2.0,-70.85522033671944,5.104207065848606,1,6.646244885063433,5.307970391285293,4.445673616136651,-39.2775716132788,85,8.178404498682388,5.0935676260976175,197.81958069852865,0.2503233328232777,5.378514054161915,6.475586512579639,6.053646087646484,6.613679885864258
MBH12_ff-amber_chi-selective_hb-0.75_sasa-0.8_vdwr-0.05_vdwa-0.1,MBH12,MBH12 (1K43),1K43,/home/raubenb/gitrepos/QTF/1K43.pdb,RGKWTYNGITYEGR,amber,selective,0.75,0.8,0.05,0.1,0.5,0.25,1200,0,200,2.0,-70.85522033671944,5.104207065848606,1,6.646244885063433,5.307970391285293,4.445673616136651,-39.2775716132788,85,8.178404498682388,5.0935676260976175,197.81958069852865,0.2503233328232777,5.378514054161915,6.475586512579639,6.053646087646484,6.613679885864258
MBH12_ff-amber_chi-selective_hb-0.75_sasa-0.8_vdwr-0.05_vdwa-0.1,MBH12,MBH12 (1K43),1K43,/home/raubenb/gitrepos/QTF/1K43.pdb,RGKWTYNGITYEGR,amber,selective,0.75,0.8,0.05,0.1,0.5,0.25,1200,0,200,2.0,-70.85522033671944,5.104207065848606,1,6.646244885063433,5.307970391285293,4.445673616136651,-39.2775716132788,85,8.178404498682388,5.0935676260976175,197.81958069852865,0.2503233328232777,5.378514054161915,6.475586512579639,6.053646087646484,6.613679885864258
MBH12_ff-amber_chi-selective_hb-0.75_sasa-0.8_vdwr-0.05_vdwa-0.1,MBH12,MBH12 (1K43),1K43,/home/raubenb/gitrepos/QTF/1K43.pdb,RGKWTYNGITYEGR,amber,selective,0.75,0.8,0.05,0.1,0.5,0.25,1200,0,200,2.0,-70.85522033671944,5.104207065848606,1,6.646244885063433,5.307970391285293,4.445673616136651,-39.2775716132788,85,8.178404498682388,5.0935676260976175,194.1328181122749,0.2503233328232777,5.378514054161915,6.475586512579639,6.053646087646484,6.613679885864258
MBH12_ff-amber_chi-selective_hb-0.75_sasa-0.8_vdwr-0.05_vdwa-0.1,MBH12,MBH12 (1K43),1K43,/home/raubenb/gitrepos/QTF/1K43.pdb,RGKWTYNGITYEGR,amber,selective,0.75,0.8,0.05,0.1,0.5,0.25,1200,0,200,2.0,-70.85522033671944,5.104207065848606,1,6.646244885063433,5.307970391285293,4.445673616136651,-39.2775716132788,85,8.178404498682388,5.0935676260976175,194.1328181122749,0.2503233328232777,5.378514054161915,6.475586512579639,6.053646087646484,6.613679885864258
MBH12_ff-amber_chi-selective_hb-0.75_sasa-0.8_vdwr-0.05_vdwa-0.1,MBH12,MBH12 (1K43),1K43,/home/raubenb/gitrepos/QTF/1K43.pdb,RGKWTYNGITYEGR,amber,selective,0.75,0.8,0.05,0.1,0.5,0.25,1200,0,200,2.0,-70.85522033671944,5.104207065848606,1,6.646244885063433,5.307970391285293,4.445673616136651,-39.2775716132788,85,8.178404498682388,5.0935676260976175,194.1328181122749,0.2503233328232777,5.378514054161915,6.475586512579639,6.053646087646484,6.613679885864258
MBH12_ff-amber_chi-selective_hb-0.75_sasa-0.8_vdwr-0.05_vdwa-0.15,MBH12,MBH12 (1K43),1K43,/home/raubenb/gitrepos/QTF/1K43.pdb,RGKWTYNGITYEGR,amber,selective,0.75,0.8,0.05,0.15,0.5,0.25,1200,0,200,2.0,-78.01375907060378,5.104207065848606,1,6.646244885063433,5.307970391285293,4.445673616136651,-38.17712023079535,88,8.178404498682388,5.0935676260976175,193.03157341681265,0.2503233328232777,5.378514054161915,6.475586512579639,6.053646087646484,6.613679885864258
MBH12_ff-amber_chi-selective_hb-0.75_sasa-0.8_vdwr-0.05_vdwa-0.15,MBH12,MBH12 (1K43),1K43,/home/raubenb/gitrepos/QTF/1K43.pdb,RGKWTYNGITYEGR,amber,selective,0.75,0.8,0.05,0.15,0.5,0.25,1200,0,200,2.0,-78.01375907060378,5.104207065848606,1,6.646244885063433,5.307970391285293,4.445673616136651,-38.17712023079535,88,8.178404498682388,5.0935676260976175,193.03157341681265,0.2503233328232777,5.378514054161915,6.475586512579639,6.053646087646484,6.613679885864258
MBH12_ff-amber_chi-selective_hb-0.75_sasa-0.8_vdwr-0.05_vdwa-0.15,MBH12,MBH12 (1K43),1K43,/home/raubenb/gitrepos/QTF/1K43.pdb,RGKWTYNGITYEGR,amber,selective,0.75,0.8,0.05,0.15,0.5,0.25,1200,0,200,2.0,-78.01375907060378,5.104207065848606,1,6.646244885063433,5.307970391285293,4.445673616136651,-38.17712023079535,88,8.178404498682388,5.0935676260976175,193.03157341681265,0.2503233328232777,5.378514054161915,6.475586512579639,6.053646087646484,6.613679885864258
MBH12_ff-amber_chi-selective_hb-0.75_sasa-0.8_vdwr-0.05_vdwa-0.15,MBH12,MBH12 (1K43),1K43,/home/raubenb/gitrepos/QTF/1K43.pdb,RGKWTYNGITYEGR,amber,selective,0.75,0.8,0.05,0.15,0.5,0.25,1200,0,200,2.0,-78.01375907060378,5.104207065848606,1,6.646244885063433,5.307970391285293,4.445673616136651,-38.17712023079535,88,8.178404498682388,5.0935676260976175,189.34481083055888,0.2503233328232777,5.378514054161915,6.475586512579639,6.053646087646484,6.613679885864258
MBH12_ff-amber_chi-selective_hb-0.75_sasa-0.8_vdwr-0.05_vdwa-0.15,MBH12,MBH12 (1K43),1K43,/home/raubenb/gitrepos/QTF/1K43.pdb,RGKWTYNGITYEGR,amber,selective,0.75,0.8,0.05,0.15,0.5,0.25,1200,0,200,2.0,-78.01375907060378,5.104207065848606,1,6.646244885063433,5.307970391285293,4.445673616136651,-38.17712023079535,88,8.178404498682388,5.0935676260976175,189.34481083055888,0.2503233328232777,5.378514054161915,6.475586512579639,6.053646087646484,6.613679885864258
MBH12_ff-amber_chi-selective_hb-0.75_sasa-0.8_vdwr-0.05_vdwa-0.15,MBH12,MBH12 (1K43),1K43,/home/raubenb/gitrepos/QTF/1K43.pdb,RGKWTYNGITYEGR,amber,selective,0.75,0.8,0.05,0.15,0.5,0.25,1200,0,200,2.0,-78.01375907060378,5.104207065848606,1,6.646244885063433,5.307970391285293,4.445673616136651,-38.17712023079535,88,8.178404498682388,5.0935676260976175,189.34481083055888,0.2503233328232777,5.378514054161915,6.475586512579639,6.053646087646484,6.613679885864258
chignolin_ff-amber_chi-selective_hb-0.6_sasa-0.7_vdwr-0.05_vdwa-0.1,chignolin,chignolin (5AWL),5AWL,/home/raubenb/gitrepos/QTF/5AWL.pdb,YYDPETGTWY,amber,selective,0.6,0.7,0.05,0.1,0.5,0.25,1200,0,200,2.0,49.189606141393625,3.4631321652513765,1,4.44556855819016,4.560609369576943,2.3732607156222296,89.34667440495704,57,6.433258125438613,4.438154511331508,262.41720177992426,0.777702935532632,5.127714784217623,4.491889973041613,5.508594512939453,4.848916530609131
chignolin_ff-amber_chi-selective_hb-0.6_sasa-0.7_vdwr-0.05_vdwa-0.1,chignolin,chignolin (5AWL),5AWL,/home/raubenb/gitrepos/QTF/5AWL.pdb,YYDPETGTWY,amber,selective,0.6,0.7,0.05,0.1,0.5,0.25,1200,0,200,2.0,49.189606141393625,3.4631321652513765,1,4.44556855819016,4.560609369576943,2.3732607156222296,89.34667440495704,57,6.433258125438613,4.438154511331508,261.6148827067719,0.777702935532632,5.127714784217623,4.491889973041613,5.508594512939453,4.848916530609131
chignolin_ff-amber_chi-selective_hb-0.6_sasa-0.7_vdwr-0.05_vdwa-0.1,chignolin,chignolin (5AWL),5AWL,/home/raubenb/gitrepos/QTF/5AWL.pdb,YYDPETGTWY,amber,selective,0.6,0.7,0.05,0.1,0.5,0.25,1200,0,200,2.0,49.189606141393625,3.4631321652513765,1,4.44556855819016,4.560609369576943,2.3732607156222296,89.34667440495704,57,6.433258125438613,4.438154511331508,260.0102445604669,0.777702935532632,5.127714784217623,4.491889973041613,5.508594512939453,4.848916530609131
chignolin_ff-amber_chi-selective_hb-0.6_sasa-0.7_vdwr-0.05_vdwa-0.1,chignolin,chignolin (5AWL),5AWL,/home/raubenb/gitrepos/QTF/5AWL.pdb,YYDPETGTWY,amber,selective,0.6,0.7,0.05,0.1,0.5,0.25,1200,0,200,2.0,49.189606141393625,3.4631321652513765,1,4.44556855819016,4.560609369576943,2.3732607156222296,89.34667440495704,57,6.433258125438613,4.438154511331508,258.5248380757126,0.777702935532632,5.127714784217623,4.491889973041613,5.508594512939453,4.848916530609131
chignolin_ff-amber_chi-selective_hb-0.6_sasa-0.7_vdwr-0.05_vdwa-0.1,chignolin,chignolin (5AWL),5AWL,/home/raubenb/gitrepos/QTF/5AWL.pdb,YYDPETGTWY,amber,selective,0.6,0.7,0.05,0.1,0.5,0.25,1200,0,200,2.0,49.189606141393625,3.4631321652513765,1,4.44556855819016,4.560609369576943,2.3732607156222296,89.34667440495704,57,6.433258125438613,4.438154511331508,257.7225190025601,0.777702935532632,5.127714784217623,4.491889973041613,5.508594512939453,4.848916530609131
chignolin_ff-amber_chi-selective_hb-0.6_sasa-0.7_vdwr-0.05_vdwa-0.1,chignolin,chignolin (5AWL),5AWL,/home/raubenb/gitrepos/QTF/5AWL.pdb,YYDPETGTWY,amber,selective,0.6,0.7,0.05,0.1,0.5,0.25,1200,0,200,2.0,49.189606141393625,3.4631321652513765,1,4.44556855819016,4.560609369576943,2.3732607156222296,89.34667440495704,57,6.433258125438613,4.438154511331508,256.1178808562551,0.777702935532632,5.127714784217623,4.491889973041613,5.508594512939453,4.848916530609131
chignolin_ff-amber_chi-selective_hb-0.6_sasa-0.7_vdwr-0.05_vdwa-0.15,chignolin,chignolin (5AWL),5AWL,/home/raubenb/gitrepos/QTF/5AWL.pdb,YYDPETGTWY,amber,selective,0.6,0.7,0.05,0.15,0.5,0.25,1200,0,200,2.0,45.157412819337154,3.4631321652513765,1,4.44556855819016,4.560609369576943,2.380134666222503,96.18757214946832,93,5.738484826651559,4.698483591055423,256.3530697951307,0.777702935532632,5.127714784217623,4.491889973041613,5.508594512939453,4.848916530609131
chignolin_ff-amber_chi-selective_hb-0.6_sasa-0.7_vdwr-0.05_vdwa-0.15,chignolin,chignolin (5AWL),5AWL,/home/raubenb/gitrepos/QTF/5AWL.pdb,YYDPETGTWY,amber,selective,0.6,0.7,0.05,0.15,0.5,0.25,1200,0,200,2.0,45.157412819337154,3.4631321652513765,1,4.44556855819016,4.560609369576943,2.380134666222503,96.18757214946832,93,5.738484826651559,4.698483591055423,255.5507507219783,0.777702935532632,5.127714784217623,4.491889973041613,5.508594512939453,4.848916530609131
chignolin_ff-amber_chi-selective_hb-0.6_sasa-0.7_vdwr-0.05_vdwa-0.15,chignolin,chignolin (5AWL),5AWL,/home/raubenb/gitrepos/QTF/5AWL.pdb,YYDPETGTWY,amber,selective,0.6,0.7,0.05,0.15,0.5,0.25,1200,0,200,2.0,45.157412819337154,3.4631321652513765,1,4.44556855819016,4.560609369576943,2.380134666222503,96.18757214946832,93,5.738484826651559,4.698483591055423,253.9461125756733,0.777702935532632,5.127714784217623,4.491889973041613,5.508594512939453,4.848916530609131
chignolin_ff-amber_chi-selective_hb-0.6_sasa-0.7_vdwr-0.05_vdwa-0.15,chignolin,chignolin (5AWL),5AWL,/home/raubenb/gitrepos/QTF/5AWL.pdb,YYDPETGTWY,amber,selective,0.6,0.7,0.05,0.15,0.5,0.25,1200,0,200,2.0,45.157412819337154,3.4631321652513765,1,4.44556855819016,4.560609369576943,2.380134666222503,96.18757214946832,93,5.738484826651559,4.698483591055423,252.460706090919,0.777702935532632,5.127714784217623,4.491889973041613,5.508594512939453,4.848916530609131
chignolin_ff-amber_chi-selective_hb-0.6_sasa-0.7_vdwr-0.05_vdwa-0.15,chignolin,chignolin (5AWL),5AWL,/home/raubenb/gitrepos/QTF/5AWL.pdb,YYDPETGTWY,amber,selective,0.6,0.7,0.05,0.15,0.5,0.25,1200,0,200,2.0,45.157412819337154,3.4631321652513765,1,4.44556855819016,4.560609369576943,2.380134666222503,96.18757214946832,93,5.738484826651559,4.698483591055423,251.65838701776656,0.777702935532632,5.127714784217623,4.491889973041613,5.508594512939453,4.848916530609131
chignolin_ff-amber_chi-selective_hb-0.6_sasa-0.7_vdwr-0.05_vdwa-0.15,chignolin,chignolin (5AWL),5AWL,/home/raubenb/gitrepos/QTF/5AWL.pdb,YYDPETGTWY,amber,selective,0.6,0.7,0.05,0.15,0.5,0.25,1200,0,200,2.0,45.157412819337154,3.4631321652513765,1,4.44556855819016,4.560609369576943,2.380134666222503,96.18757214946832,93,5.738484826651559,4.698483591055423,250.0537488714616,0.777702935532632,5.127714784217623,4.491889973041613,5.508594512939453,4.848916530609131
chignolin_ff-amber_chi-selective_hb-0.6_sasa-0.8_vdwr-0.05_vdwa-0.1,chignolin,chignolin (5AWL),5AWL,/home/raubenb/gitrepos/QTF/5AWL.pdb,YYDPETGTWY,amber,selective,0.6,0.8,0.05,0.1,0.5,0.25,1200,0,200,2.0,55.915918330215966,3.4631321652513765,1,4.44556855819016,4.560609369576943,2.380134666222503,140.4010905754589,189,5.738484826651559,4.698483591055423,281.02892913790987,0.777702935532632,5.127714784217623,4.491889973041613,5.508594512939453,4.848916530609131
chignolin_ff-amber_chi-selective_hb-0.6_sasa-0.8_vdwr-0.05_vdwa-0.1,chignolin,chignolin (5AWL),5AWL,/home/raubenb/gitrepos/QTF/5AWL.pdb,YYDPETGTWY,amber,selective,0.6,0.8,0.05,0.1,0.5,0.25,1200,0,200,2.0,55.915918330215966,3.4631321652513765,1,4.44556855819016,4.560609369576943,2.380134666222503,140.4010905754589,189,5.738484826651559,4.698483591055423,280.2266100647574,0.777702935532632,5.127714784217623,4.491889973041613,5.508594512939453,4.848916530609131
chignolin_ff-amber_chi-selective_hb-0.6_sasa-0.8_vdwr-0.05_vdwa-0.1,chignolin,chignolin (5AWL),5AWL,/home/raubenb/gitrepos/QTF/5AWL.pdb,YYDPETGTWY,amber,selective,0.6,0.8,0.05,0.1,0.5,0.25,1200,0,200,2.0,55.915918330215966,3.4631321652513765,1,4.44556855819016,4.560609369576943,2.380134666222503,140.4010905754589,189,5.738484826651559,4.698483591055423,278.6219719184524,0.777702935532632,5.127714784217623,4.491889973041613,5.508594512939453,4.848916530609131
chignolin_ff-amber_chi-selective_hb-0.6_sasa-0.8_vdwr-0.05_vdwa-0.1,chignolin,chignolin (5AWL),5AWL,/home/raubenb/gitrepos/QTF/5AWL.pdb,YYDPETGTWY,amber,selective,0.6,0.8,0.05,0.1,0.5,0.25,1200,0,200,2.0,55.915918330215966,3.4631321652513765,1,4.44556855819016,4.560609369576943,2.380134666222503,140.4010905754589,189,5.738484826651559,4.698483591055423,277.1365654336981,0.777702935532632,5.127714784217623,4.491889973041613,5.508594512939453,4.848916530609131
chignolin_ff-amber_chi-selective_hb-0.6_sasa-0.8_vdwr-0.05_vdwa-0.1,chignolin,chignolin (5AWL),5AWL,/home/raubenb/gitrepos/QTF/5AWL.pdb,YYDPETGTWY,amber,selective,0.6,0.8,0.05,0.1,0.5,0.25,1200,0,200,2.0,55.915918330215966,3.4631321652513765,1,4.44556855819016,4.560609369576943,2.380134666222503,140.4010905754589,189,5.738484826651559,4.698483591055423,276.3342463605457,0.777702935532632,5.127714784217623,4.491889973041613,5.508594512939453,4.848916530609131
chignolin_ff-amber_chi-selective_hb-0.6_sasa-0.8_vdwr-0.05_vdwa-0.1,chignolin,chignolin (5AWL),5AWL,/home/raubenb/gitrepos/QTF/5AWL.pdb,YYDPETGTWY,amber,selective,0.6,0.8,0.05,0.1,0.5,0.25,1200,0,200,2.0,55.915918330215966,3.4631321652513765,1,4.44556855819016,4.560609369576943,2.380134666222503,140.4010905754589,189,5.738484826651559,4.698483591055423,274.7296082142407,0.777702935532632,5.127714784217623,4.491889973041613,5.508594512939453,4.848916530609131
chignolin_ff-amber_chi-selective_hb-0.6_sasa-0.8_vdwr-0.05_vdwa-0.15,chignolin,chignolin (5AWL),5AWL,/home/raubenb/gitrepos/QTF/5AWL.pdb,YYDPETGTWY,amber,selective,0.6,0.8,0.05,0.15,0.5,0.25,1200,0,200,2.0,51.88372500815949,3.4631321652513765,1,4.44556855819016,4.560609369576943,2.380134666222503,126.59196821562227,188,5.738484826651559,4.698483591055423,274.9647971531163,0.777702935532632,5.127714784217623,4.491889973041613,5.508594512939453,4.848916530609131
chignolin_ff-amber_chi-selective_hb-0.6_sasa-0.8_vdwr-0.05_vdwa-0.15,chignolin,chignolin (5AWL),5AWL,/home/raubenb/gitrepos/QTF/5AWL.pdb,YYDPETGTWY,amber,selective,0.6,0.8,0.05,0.15,0.5,0.25,1200,0,200,2.0,51.88372500815949,3.4631321652513765,1,4.44556855819016,4.560609369576943,2.380134666222503,126.59196821562227,188,5.738484826651559,4.698483591055423,274.1624780799638,0.777702935532632,5.127714784217623,4.491889973041613,5.508594512939453,4.848916530609131
chignolin_ff-amber_chi-selective_hb-0.6_sasa-0.8_vdwr-0.05_vdwa-0.15,chignolin,chignolin (5AWL),5AWL,/home/raubenb/gitrepos/QTF/5AWL.pdb,YYDPETGTWY,amber,selective,0.6,0.8,0.05,0.15,0.5,0.25,1200,0,200,2.0,51.88372500815949,3.4631321652513765,1,4.44556855819016,4.560609369576943,2.380134666222503,126.59196821562227,188,5.738484826651559,4.698483591055423,272.55783993365884,0.777702935532632,5.127714784217623,4.491889973041613,5.508594512939453,4.848916530609131
chignolin_ff-amber_chi-selective_hb-0.6_sasa-0.8_vdwr-0.05_vdwa-0.15,chignolin,chignolin (5AWL),5AWL,/home/raubenb/gitrepos/QTF/5AWL.pdb,YYDPETGTWY,amber,selective,0.6,0.8,0.05,0.15,0.5,0.25,1200,0,200,2.0,51.88372500815949,3.4631321652513765,1,4.44556855819016,4.560609369576943,2.380134666222503,126.59196821562227,188,5.738484826651559,4.698483591055423,271.0724334489045,0.777702935532632,5.127714784217623,4.491889973041613,5.508594512939453,4.848916530609131
chignolin_ff-amber_chi-selective_hb-0.6_sasa-0.8_vdwr-0.05_vdwa-0.15,chignolin,chignolin (5AWL),5AWL,/home/raubenb/gitrepos/QTF/5AWL.pdb,YYDPETGTWY,amber,selective,0.6,0.8,0.05,0.15,0.5,0.25,1200,0,200,2.0,51.88372500815949,3.4631321652513765,1,4.44556855819016,4.560609369576943,2.380134666222503,126.59196821562227,188,5.738484826651559,4.698483591055423,270.27011437575214,0.777702935532632,5.127714784217623,4.491889973041613,5.508594512939453,4.848916530609131
chignolin_ff-amber_chi-selective_hb-0.6_sasa-0.8_vdwr-0.05_vdwa-0.15,chignolin,chignolin (5AWL),5AWL,/home/raubenb/gitrepos/QTF/5AWL.pdb,YYDPETGTWY,amber,selective,0.6,0.8,0.05,0.15,0.5,0.25,1200,0,200,2.0,51.88372500815949,3.4631321652513765,1,4.44556855819016,4.560609369576943,2.380134666222503,126.59196821562227,188,5.738484826651559,4.698483591055423,268.6654762294472,0.777702935532632,5.127714784217623,4.491889973041613,5.508594512939453,4.848916530609131
chignolin_ff-amber_chi-selective_hb-0.75_sasa-0.7_vdwr-0.05_vdwa-0.1,chignolin,chignolin (5AWL),5AWL,/home/raubenb/gitrepos/QTF/5AWL.pdb,YYDPETGTWY,amber,selective,0.75,0.7,0.05,0.1,0.5,0.25,1200,0,200,2.0,40.32654172485755,3.4631321652513765,1,4.44556855819016,4.560609369576943,2.3263144857964804,80.30406665928639,28,6.181879226809858,4.490309055895783,259.9295420094433,0.777702935532632,5.127714784217623,4.491889973041613,5.508594512939453,4.848916530609131
chignolin_ff-amber_chi-selective_hb-0.75_sasa-0.7_vdwr-0.05_vdwa-0.1,chignolin,chignolin (5AWL),5AWL,/home/raubenb/gitrepos/QTF/5AWL.pdb,YYDPETGTWY,amber,selective,0.75,0.7,0.05,0.1,0.5,0.25,1200,0,200,2.0,40.32654172485755,3.4631321652513765,1,4.44556855819016,4.560609369576943,2.3263144857964804,80.30406665928639,28,6.181879226809858,4.490309055895783,259.12722293629093,0.777702935532632,5.127714784217623,4.491889973041613,5.508594512939453,4.848916530609131
chignolin_ff-amber_chi-selective_hb-0.75_sasa-0.7_vdwr-0.05_vdwa-0.1,chignolin,chignolin (5AWL),5AWL,/home/raubenb/gitrepos/QTF/5AWL.pdb,YYDPETGTWY,amber,selective,0.75,0.7,0.05,0.1,0.5,0.25,1200,0,200,2.0,40.32654172485755,3.4631321652513765,1,4.44556855819016,4.560609369576943,2.3263144857964804,80.30406665928639,28,6.181879226809858,4.490309055895783,257.522584789986,0.777702935532632,5.127714784217623,4.491889973041613,5.508594512939453,4.848916530609131
chignolin_ff-amber_chi-selective_hb-0.75_sasa-0.7_vdwr-0.05_vdwa-0.1,chignolin,chignolin (5AWL),5AWL,/home/raubenb/gitrepos/QTF/5AWL.pdb,YYDPETGTWY,amber,selective,0.75,0.7,0.05,0.1,0.5,0.25,1200,0,200,2.0,40.32654172485755,3.4631321652513765,1,4.44556855819016,4.560609369576943,2.3263144857964804,80.30406665928639,28,6.181879226809858,4.490309055895783,256.0371783052316,0.777702935532632,5.127714784217623,4.491889973041613,5.508594512939453,4.848916530609131
chignolin_ff-amber_chi-selective_hb-0.75_sasa-0.7_vdwr-0.05_vdwa-0.1,chignolin,chignolin (5AWL),5AWL,/home/raubenb/gitrepos/QTF/5AWL.pdb,YYDPETGTWY,amber,selective,0.75,0.7,0.05,0.1,0.5,0.25,1200,0,200,2.0,40.32654172485755,3.4631321652513765,1,4.44556855819016,4.560609369576943,2.3263144857964804,80.30406665928639,28,6.181879226809858,4.490309055895783,255.2348592320792,0.777702935532632,5.127714784217623,4.491889973041613,5.508594512939453,4.848916530609131
chignolin_ff-amber_chi-selective_hb-0.75_sasa-0.7_vdwr-0.05_vdwa-0.1,chignolin,chignolin (5AWL),5AWL,/home/raubenb/gitrepos/QTF/5AWL.pdb,YYDPETGTWY,amber,selective,0.75,0.7,0.05,0.1,0.5,0.25,1200,0,200,2.0,40.32654172485755,3.4631321652513765,1,4.44556855819016,4.560609369576943,2.3263144857964804,80.30406665928639,28,6.181879226809858,4.490309055895783,253.6302210857742,0.777702935532632,5.127714784217623,4.491889973041613,5.508594512939453,4.848916530609131
chignolin_ff-amber_chi-selective_hb-0.75_sasa-0.7_vdwr-0.05_vdwa-0.15,chignolin,chignolin (5AWL),5AWL,/home/raubenb/gitrepos/QTF/5AWL.pdb,YYDPETGTWY,amber,selective,0.75,0.7,0.05,0.15,0.5,0.25,1200,0,200,2.0,36.29434840280108,3.4631321652513765,1,4.44556855819016,4.560609369576943,2.3263144857964804,115.89800060684205,186,6.181879226809858,4.490309055895783,253.86541002464975,0.777702935532632,5.127714784217623,4.491889973041613,5.508594512939453,4.848916530609131
chignolin_ff-amber_chi-selective_hb-0.75_sasa-0.7_vdwr-0.05_vdwa-0.15,chignolin,chignolin (5AWL),5AWL,/home/raubenb/gitrepos/QTF/5AWL.pdb,YYDPETGTWY,amber,selective,0.75,0.7,0.05,0.15,0.5,0.25,1200,0,200,2.0,36.29434840280108,3.4631321652513765,1,4.44556855819016,4.560609369576943,2.3263144857964804,115.89800060684205,186,6.181879226809858,4.490309055895783,253.06309095149732,0.777702935532632,5.127714784217623,4.491889973041613,5.508594512939453,4.848916530609131
chignolin_ff-amber_chi-selective_hb-0.75_sasa-0.7_vdwr-0.05_vdwa-0.15,chignolin,chignolin (5AWL),5AWL,/home/raubenb/gitrepos/QTF/5AWL.pdb,YYDPETGTWY,amber,selective,0.75,0.7,0.05,0.15,0.5,0.25,1200,0,200,2.0,36.29434840280108,3.4631321652513765,1,4.44556855819016,4.560609369576943,2.3263144857964804,115.89800060684205,186,6.181879226809858,4.490309055895783,251.4584528051924,0.777702935532632,5.127714784217623,4.491889973041613,5.508594512939453,4.848916530609131
chignolin_ff-amber_chi-selective_hb-0.75_sasa-0.7_vdwr-0.05_vdwa-0.15,chignolin,chignolin (5AWL),5AWL,/home/raubenb/gitrepos/QTF/5AWL.pdb,YYDPETGTWY,amber,selective,0.75,0.7,0.05,0.15,0.5,0.25,1200,0,200,2.0,36.29434840280108,3.4631321652513765,1,4.44556855819016,4.560609369576943,2.3263144857964804,115.89800060684205,186,6.181879226809858,4.490309055895783,249.97304632043807,0.777702935532632,5.127714784217623,4.491889973041613,5.508594512939453,4.848916530609131
chignolin_ff-amber_chi-selective_hb-0.75_sasa-0.7_vdwr-0.05_vdwa-0.15,chignolin,chignolin (5AWL),5AWL,/home/raubenb/gitrepos/QTF/5AWL.pdb,YYDPETGTWY,amber,selective,0.75,0.7,0.05,0.15,0.5,0.25,1200,0,200,2.0,36.29434840280108,3.4631321652513765,1,4.44556855819016,4.560609369576943,2.3263144857964804,115.89800060684205,186,6.181879226809858,4.490309055895783,249.1707272472856,0.777702935532632,5.127714784217623,4.491889973041613,5.508594512939453,4.848916530609131
chignolin_ff-amber_chi-selective_hb-0.75_sasa-0.7_vdwr-0.05_vdwa-0.15,chignolin,chignolin (5AWL),5AWL,/home/raubenb/gitrepos/QTF/5AWL.pdb,YYDPETGTWY,amber,selective,0.75,0.7,0.05,0.15,0.5,0.25,1200,0,200,2.0,36.29434840280108,3.4631321652513765,1,4.44556855819016,4.560609369576943,2.3263144857964804,115.89800060684205,186,6.181879226809858,4.490309055895783,247.56608910098063,0.777702935532632,5.127714784217623,4.491889973041613,5.508594512939453,4.848916530609131
chignolin_ff-amber_chi-selective_hb-0.75_sasa-0.8_vdwr-0.05_vdwa-0.1,chignolin,chignolin (5AWL),5AWL,/home/raubenb/gitrepos/QTF/5AWL.pdb,YYDPETGTWY,amber,selective,0.75,0.8,0.05,0.1,0.5,0.25,1200,0,200,2.0,47.05285391367987,3.4631321652513765,1,4.44556855819016,4.560609369576943,2.3263144857964804,119.21656426286626,150,6.181879226809858,4.490309055895783,278.5412693674289,0.777702935532632,5.127714784217623,4.491889973041613,5.508594512939453,4.848916530609131
chignolin_ff-amber_chi-selective_hb-0.75_sasa-0.8_vdwr-0.05_vdwa-0.1,chignolin,chignolin (5AWL),5AWL,/home/raubenb/gitrepos/QTF/5AWL.pdb,YYDPETGTWY,amber,selective,0.75,0.8,0.05,0.1,0.5,0.25,1200,0,200,2.0,47.05285391367987,3.4631321652513765,1,4.44556855819016,4.560609369576943,2.3263144857964804,119.21656426286626,150,6.181879226809858,4.490309055895783,277.7389502942765,0.777702935532632,5.127714784217623,4.491889973041613,5.508594512939453,4.848916530609131
chignolin_ff-amber_chi-selective_hb-0.75_sasa-0.8_vdwr-0.05_vdwa-0.1,chignolin,chignolin (5AWL),5AWL,/home/raubenb/gitrepos/QTF/5AWL.pdb,YYDPETGTWY,amber,selective,0.75,0.8,0.05,0.1,0.5,0.25,1200,0,200,2.0,47.05285391367987,3.4631321652513765,1,4.44556855819016,4.560609369576943,2.3263144857964804,119.21656426286626,150,6.181879226809858,4.490309055895783,276.1343121479716,0.777702935532632,5.127714784217623,4.491889973041613,5.508594512939453,4.848916530609131
chignolin_ff-amber_chi-selective_hb-0.75_sasa-0.8_vdwr-0.05_vdwa-0.1,chignolin,chignolin (5AWL),5AWL,/home/raubenb/gitrepos/QTF/5AWL.pdb,YYDPETGTWY,amber,selective,0.75,0.8,0.05,0.1,0.5,0.25,1200,0,200,2.0,47.05285391367987,3.4631321652513765,1,4.44556855819016,4.560609369576943,2.3263144857964804,119.21656426286626,150,6.181879226809858,4.490309055895783,274.64890566321725,0.777702935532632,5.127714784217623,4.491889973041613,5.508594512939453,4.848916530609131
chignolin_ff-amber_chi-selective_hb-0.75_sasa-0.8_vdwr-0.05_vdwa-0.1,chignolin,chignolin (5AWL),5AWL,/home/raubenb/gitrepos/QTF/5AWL.pdb,YYDPETGTWY,amber,selective,0.75,0.8,0.05,0.1,0.5,0.25,1200,0,200,2.0,47.05285391367987,3.4631321652513765,1,4.44556855819016,4.560609369576943,2.3263144857964804,119.21656426286626,150,6.181879226809858,4.490309055895783,273.8465865900648,0.777702935532632,5.127714784217623,4.491889973041613,5.508594512939453,4.848916530609131
chignolin_ff-amber_chi-selective_hb-0.75_sasa-0.8_vdwr-0.05_vdwa-0.1,chignolin,chignolin (5AWL),5AWL,/home/raubenb/gitrepos/QTF/5AWL.pdb,YYDPETGTWY,amber,selective,0.75,0.8,0.05,0.1,0.5,0.25,1200,0,200,2.0,47.05285391367987,3.4631321652513765,1,4.44556855819016,4.560609369576943,2.3263144857964804,119.21656426286626,150,6.181879226809858,4.490309055895783,272.2419484437598,0.777702935532632,5.127714784217623,4.491889973041613,5.508594512939453,4.848916530609131
chignolin_ff-amber_chi-selective_hb-0.75_sasa-0.8_vdwr-0.05_vdwa-0.15,chignolin,chignolin (5AWL),5AWL,/home/raubenb/gitrepos/QTF/5AWL.pdb,YYDPETGTWY,amber,selective,0.75,0.8,0.05,0.15,0.5,0.25,1200,0,200,2.0,43.0206605916234,3.4631321652513765,1,4.44556855819016,4.560609369576943,2.3263144857964804,116.3720095635511,148,6.181879226809858,4.490309055895783,272.47713738263536,0.777702935532632,5.127714784217623,4.491889973041613,5.508594512939453,4.848916530609131
chignolin_ff-amber_chi-selective_hb-0.75_sasa-0.8_vdwr-0.05_vdwa-0.15,chignolin,chignolin (5AWL),5AWL,/home/raubenb/gitrepos/QTF/5AWL.pdb,YYDPETGTWY,amber,selective,0.75,0.8,0.05,0.15,0.5,0.25,1200,0,200,2.0,43.0206605916234,3.4631321652513765,1,4.44556855819016,4.560609369576943,2.3263144857964804,116.3720095635511,148,6.181879226809858,4.490309055895783,271.674818309483,0.777702935532632,5.127714784217623,4.491889973041613,5.508594512939453,4.848916530609131
chignolin_ff-amber_chi-selective_hb-0.75_sasa-0.8_vdwr-0.05_vdwa-0.15,chignolin,chignolin (5AWL),5AWL,/home/raubenb/gitrepos/QTF/5AWL.pdb,YYDPETGTWY,amber,selective,0.75,0.8,0.05,0.15,0.5,0.25,1200,0,200,2.0,43.0206605916234,3.4631321652513765,1,4.44556855819016,4.560609369576943,2.3263144857964804,116.3720095635511,148,6.181879226809858,4.490309055895783,270.070180163178,0.777702935532632,5.127714784217623,4.491889973041613,5.508594512939453,4.848916530609131
chignolin_ff-amber_chi-selective_hb-0.75_sasa-0.8_vdwr-0.05_vdwa-0.15,chignolin,chignolin (5AWL),5AWL,/home/raubenb/gitrepos/QTF/5AWL.pdb,YYDPETGTWY,amber,selective,0.75,0.8,0.05,0.15,0.5,0.25,1200,0,200,2.0,43.0206605916234,3.4631321652513765,1,4.44556855819016,4.560609369576943,2.3263144857964804,116.3720095635511,148,6.181879226809858,4.490309055895783,268.5847736784237,0.777702935532632,5.127714784217623,4.491889973041613,5.508594512939453,4.848916530609131
chignolin_ff-amber_chi-selective_hb-0.75_sasa-0.8_vdwr-0.05_vdwa-0.15,chignolin,chignolin (5AWL),5AWL,/home/raubenb/gitrepos/QTF/5AWL.pdb,YYDPETGTWY,amber,selective,0.75,0.8,0.05,0.15,0.5,0.25,1200,0,200,2.0,43.0206605916234,3.4631321652513765,1,4.44556855819016,4.560609369576943,2.3263144857964804,116.3720095635511,148,6.181879226809858,4.490309055895783,267.7824546052712,0.777702935532632,5.127714784217623,4.491889973041613,5.508594512939453,4.848916530609131
chignolin_ff-amber_chi-selective_hb-0.75_sasa-0.8_vdwr-0.05_vdwa-0.15,chignolin,chignolin (5AWL),5AWL,/home/raubenb/gitrepos/QTF/5AWL.pdb,YYDPETGTWY,amber,selective,0.75,0.8,0.05,0.15,0.5,0.25,1200,0,200,2.0,43.0206605916234,3.4631321652513765,1,4.44556855819016,4.560609369576943,2.3263144857964804,116.3720095635511,148,6.181879226809858,4.490309055895783,266.1778164589662,0.777702935532632,5.127714784217623,4.491889973041613,5.508594512939453,4.848916530609131
trp_cage_ff-amber_chi-selective_hb-0.6_sasa-0.7_vdwr-0.05_vdwa-0.1,trp_cage,trp_cage (2JOF),2JOF,/home/raubenb/gitrepos/QTF/2JOF.pdb,DAYAQWLKDGGPSSGRPPPS,amber,selective,0.6,0.7,0.05,0.1,0.5,0.25,1200,0,200,2.0,41.06009803087159,5.320803520526622,1,5.3435731391736825,5.4579912114421,4.962152114723566,94.52108194634395,170,9.57208304050639,5.731148922028139,317.6365011564882,0.6042766997119539,10.427457331256708,6.426422477936852,11.25388240814209,6.910665512084961
trp_cage_ff-amber_chi-selective_hb-0.6_sasa-0.7_vdwr-0.05_vdwa-0.1,trp_cage,trp_cage (2JOF),2JOF,/home/raubenb/gitrepos/QTF/2JOF.pdb,DAYAQWLKDGGPSSGRPPPS,amber,selective,0.6,0.7,0.05,0.1,0.5,0.25,1200,0,200,2.0,41.06009803087159,5.320803520526622,1,5.3435731391736825,5.4579912114421,4.962152114723566,94.52108194634395,170,9.57208304050639,5.731148922028139,317.6365011564882,0.6042766997119539,10.427457331256708,6.426422477936852,11.25388240814209,6.910665512084961
trp_cage_ff-amber_chi-selective_hb-0.6_sasa-0.7_vdwr-0.05_vdwa-0.1,trp_cage,trp_cage (2JOF),2JOF,/home/raubenb/gitrepos/QTF/2JOF.pdb,DAYAQWLKDGGPSSGRPPPS,amber,selective,0.6,0.7,0.05,0.1,0.5,0.25,1200,0,200,2.0,41.06009803087159,5.320803520526622,1,5.3435731391736825,5.4579912114421,4.962152114723566,94.52108194634395,170,9.57208304050639,5.731148922028139,317.6365011564882,0.6042766997119539,10.427457331256708,6.426422477936852,11.25388240814209,6.910665512084961
trp_cage_ff-amber_chi-selective_hb-0.6_sasa-0.7_vdwr-0.05_vdwa-0.1,trp_cage,trp_cage (2JOF),2JOF,/home/raubenb/gitrepos/QTF/2JOF.pdb,DAYAQWLKDGGPSSGRPPPS,amber,selective,0.6,0.7,0.05,0.1,0.5,0.25,1200,0,200,2.0,41.06009803087159,5.320803520526622,1,5.3435731391736825,5.4579912114421,4.962152114723566,94.52108194634395,170,9.57208304050639,5.731148922028139,317.53871626410046,0.6042766997119539,10.427457331256708,6.426422477936852,11.25388240814209,6.910665512084961
trp_cage_ff-amber_chi-selective_hb-0.6_sasa-0.7_vdwr-0.05_vdwa-0.1,trp_cage,trp_cage (2JOF),2JOF,/home/raubenb/gitrepos/QTF/2JOF.pdb,DAYAQWLKDGGPSSGRPPPS,amber,selective,0.6,0.7,0.05,0.1,0.5,0.25,1200,0,200,2.0,41.06009803087159,5.320803520526622,1,5.3435731391736825,5.4579912114421,4.962152114723566,94.52108194634395,170,9.57208304050639,5.731148922028139,317.53871626410046,0.6042766997119539,10.427457331256708,6.426422477936852,11.25388240814209,6.910665512084961
trp_cage_ff-amber_chi-selective_hb-0.6_sasa-0.7_vdwr-0.05_vdwa-0.1,trp_cage,trp_cage (2JOF),2JOF,/home/raubenb/gitrepos/QTF/2JOF.pdb,DAYAQWLKDGGPSSGRPPPS,amber,selective,0.6,0.7,0.05,0.1,0.5,0.25,1200,0,200,2.0,41.06009803087159,5.320803520526622,1,5.3435731391736825,5.4579912114421,4.962152114723566,94.52108194634395,170,9.57208304050639,5.731148922028139,317.53871626410046,0.6042766997119539,10.427457331256708,6.426422477936852,11.25388240814209,6.910665512084961
trp_cage_ff-amber_chi-selective_hb-0.6_sasa-0.7_vdwr-0.05_vdwa-0.15,trp_cage,trp_cage (2JOF),2JOF,/home/raubenb/gitrepos/QTF/2JOF.pdb,DAYAQWLKDGGPSSGRPPPS,amber,selective,0.6,0.7,0.05,0.15,0.5,0.25,1200,0,200,2.0,29.451903307461023,5.320803520526622,1,5.3435731391736825,5.4579912114421,4.962152114723566,83.44302143735763,193,9.57208304050639,5.731148922028139,306.01032854644893,0.6042766997119539,10.427457331256708,6.426422477936852,11.25388240814209,6.910665512084961
trp_cage_ff-amber_chi-selective_hb-0.6_sasa-0.7_vdwr-0.05_vdwa-0.15,trp_cage,trp_cage (2JOF),2JOF,/home/raubenb/gitrepos/QTF/2JOF.pdb,DAYAQWLKDGGPSSGRPPPS,amber,selective,0.6,0.7,0.05,0.15,0.5,0.25,1200,0,200,2.0,29.451903307461023,5.320803520526622,1,5.3435731391736825,5.4579912114421,4.962152114723566,83.44302143735763,193,9.57208304050639,5.731148922028139,306.01032854644893,0.6042766997119539,10.427457331256708,6.426422477936852,11.25388240814209,6.910665512084961
trp_cage_ff-amber_chi-selective_hb-0.6_sasa-0.7_vdwr-0.05_vdwa-0.15,trp_cage,trp_cage (2JOF),2JOF,/home/raubenb/gitrepos/QTF/2JOF.pdb,DAYAQWLKDGGPSSGRPPPS,amber,selective,0.6,0.7,0.05,0.15,0.5,0.25,1200,0,200,2.0,29.451903307461023,5.320803520526622,1,5.3435731391736825,5.4579912114421,4.962152114723566,83.44302143735763,193,9.57208304050639,5.731148922028139,306.01032854644893,0.6042766997119539,10.427457331256708,6.426422477936852,11.25388240814209,6.910665512084961
trp_cage_ff-amber_chi-selective_hb-0.6_sasa-0.7_vdwr-0.05_vdwa-0.15,trp_cage,trp_cage (2JOF),2JOF,/home/raubenb/gitrepos/QTF/2JOF.pdb,DAYAQWLKDGGPSSGRPPPS,amber,selective,0.6,0.7,0.05,0.15,0.5,0.25,1200,0,200,2.0,29.451903307461023,5.320803520526622,1,5.3435731391736825,5.4579912114421,4.962152114723566,83.44302143735763,193,9.57208304050639,5.731148922028139,305.9125436540612,0.6042766997119539,10.427457331256708,6.426422477936852,11.25388240814209,6.910665512084961
trp_cage_ff-amber_chi-selective_hb-0.6_sasa-0.7_vdwr-0.05_vdwa-0.15,trp_cage,trp_cage (2JOF),2JOF,/home/raubenb/gitrepos/QTF/2JOF.pdb,DAYAQWLKDGGPSSGRPPPS,amber,selective,0.6,0.7,0.05,0.15,0.5,0.25,1200,0,200,2.0,29.451903307461023,5.320803520526622,1,5.3435731391736825,5.4579912114421,4.962152114723566,83.44302143735763,193,9.57208304050639,5.731148922028139,305.9125436540612,0.6042766997119539,10.427457331256708,6.426422477936852,11.25388240814209,6.910665512084961
trp_cage_ff-amber_chi-selective_hb-0.6_sasa-0.7_vdwr-0.05_vdwa-0.15,trp_cage,trp_cage (2JOF),2JOF,/home/raubenb/gitrepos/QTF/2JOF.pdb,DAYAQWLKDGGPSSGRPPPS,amber,selective,0.6,0.7,0.05,0.15,0.5,0.25,1200,0,200,2.0,29.451903307461023,5.320803520526622,1,5.3435731391736825,5.4579912114421,4.962152114723566,83.44302143735763,193,9.57208304050639,5.731148922028139,305.9125436540612,0.6042766997119539,10.427457331256708,6.426422477936852,11.25388240814209,6.910665512084961
trp_cage_ff-amber_chi-selective_hb-0.6_sasa-0.8_vdwr-0.05_vdwa-0.1,trp_cage,trp_cage (2JOF),2JOF,/home/raubenb/gitrepos/QTF/2JOF.pdb,DAYAQWLKDGGPSSGRPPPS,amber,selective,0.6,0.8,0.05,0.1,0.5,0.25,1200,0,200,2.0,43.60743451246291,5.758365928448135,1,6.871119557979439,5.880833637726943,5.230738332484648,62.916785946355205,17,8.79683220956709,6.258945844017196,333.3110084013605,0.6042766997119539,10.427457331256708,6.426422477936852,11.25388240814209,6.910665512084961
trp_cage_ff-amber_chi-selective_hb-0.6_sasa-0.8_vdwr-0.05_vdwa-0.1,trp_cage,trp_cage (2JOF),2JOF,/home/raubenb/gitrepos/QTF/2JOF.pdb,DAYAQWLKDGGPSSGRPPPS,amber,selective,0.6,0.8,0.05,0.1,0.5,0.25,1200,0,200,2.0,43.60743451246291,5.758365928448135,1,6.871119557979439,5.880833637726943,5.230738332484648,62.916785946355205,17,8.79683220956709,6.258945844017196,333.3110084013605,0.6042766997119539,10.427457331256708,6.426422477936852,11.25388240814209,6.910665512084961
trp_cage_ff-amber_chi-selective_hb-0.6_sasa-0.8_vdwr-0.05_vdwa-0.1,trp_cage,trp_cage (2JOF),2JOF,/home/raubenb/gitrepos/QTF/2JOF.pdb,DAYAQWLKDGGPSSGRPPPS,amber,selective,0.6,0.8,0.05,0.1,0.5,0.25,1200,0,200,2.0,43.60743451246291,5.758365928448135,1,6.871119557979439,5.880833637726943,5.230738332484648,62.916785946355205,17,8.79683220956709,6.258945844017196,333.3110084013605,0.6042766997119539,10.427457331256708,6.426422477936852,11.25388240814209,6.910665512084961
trp_cage_ff-amber_chi-selective_hb-0.6_sasa-0.8_vdwr-0.05_vdwa-0.1,trp_cage,trp_cage (2JOF),2JOF,/home/raubenb/gitrepos/QTF/2JOF.pdb,DAYAQWLKDGGPSSGRPPPS,amber,selective,0.6,0.8,0.05,0.1,0.5,0.25,1200,0,200,2.0,43.60743451246291,5.758365928448135,1,6.871119557979439,5.880833637726943,5.230738332484648,62.916785946355205,17,8.79683220956709,6.258945844017196,333.2132235089728,0.6042766997119539,10.427457331256708,6.426422477936852,11.25388240814209,6.910665512084961
trp_cage_ff-amber_chi-selective_hb-0.6_sasa-0.8_vdwr-0.05_vdwa-0.1,trp_cage,trp_cage (2JOF),2JOF,/home/raubenb/gitrepos/QTF/2JOF.pdb,DAYAQWLKDGGPSSGRPPPS,amber,selective,0.6,0.8,0.05,0.1,0.5,0.25,1200,0,200,2.0,43.60743451246291,5.758365928448135,1,6.871119557979439,5.880833637726943,5.230738332484648,62.916785946355205,17,8.79683220956709,6.258945844017196,333.2132235089728,0.6042766997119539,10.427457331256708,6.426422477936852,11.25388240814209,6.910665512084961
trp_cage_ff-amber_chi-selective_hb-0.6_sasa-0.8_vdwr-0.05_vdwa-0.1,trp_cage,trp_cage (2JOF),2JOF,/home/raubenb/gitrepos/QTF/2JOF.pdb,DAYAQWLKDGGPSSGRPPPS,amber,selective,0.6,0.8,0.05,0.1,0.5,0.25,1200,0,200,2.0,43.60743451246291,5.758365928448135,1,6.871119557979439,5.880833637726943,5.230738332484648,62.916785946355205,17,8.79683220956709,6.258945844017196,333.2132235089728,0.6042766997119539,10.427457331256708,6.426422477936852,11.25388240814209,6.910665512084961
trp_cage_ff-amber_chi-selective_hb-0.6_sasa-0.8_vdwr-0.05_vdwa-0.15,trp_cage,trp_cage (2JOF),2JOF,/home/raubenb/gitrepos/QTF/2JOF.pdb,DAYAQWLKDGGPSSGRPPPS,amber,selective,0.6,0.8,0.05,0.15,0.5,0.25,1200,0,200,2.0,34.29908621939083,5.758365928448135,1,6.871119557979439,5.880833637726943,4.933994548653247,86.42220980089407,160,6.791062805856643,5.982525815823974,321.68483579132123,0.6042766997119539,10.427457331256708,6.426422477936852,11.25388240814209,6.910665512084961
trp_cage_ff-amber_chi-selective_hb-0.6_sasa-0.8_vdwr-0.05_vdwa-0.15,trp_cage,trp_cage (2JOF),2JOF,/home/raubenb/gitrepos/QTF/2JOF.pdb,DAYAQWLKDGGPSSGRPPPS,amber,selective,0.6,0.8,0.05,0.15,0.5,0.25,1200,0,200,2.0,34.29908621939083,5.758365928448135,1,6.871119557979439,5.880833637726943,4.933994548653247,86.42220980089407,160,6.791062805856643,5.982525815823974,321.68483579132123,0.6042766997119539,10.427457331256708,6.426422477936852,11.25388240814209,6.910665512084961
trp_cage_ff-amber_chi-selective_hb-0.6_sasa-0.8_vdwr-0.05_vdwa-0.15,trp_cage,trp_cage (2JOF),2JOF,/home/raubenb/gitrepos/QTF/2JOF.pdb,DAYAQWLKDGGPSSGRPPPS,amber,selective,0.6,0.8,0.05,0.15,0.5,0.25,1200,0,200,2.0,34.29908621939083,5.758365928448135,1,6.871119557979439,5.880833637726943,4.933994548653247,86.42220980089407,160,6.791062805856643,5.982525815823974,321.68483579132123,0.6042766997119539,10.427457331256708,6.426422477936852,11.25388240814209,6.910665512084961
trp_cage_ff-amber_chi-selective_hb-0.6_sasa-0.8_vdwr-0.05_vdwa-0.15,trp_cage,trp_cage (2JOF),2JOF,/home/raubenb/gitrepos/QTF/2JOF.pdb,DAYAQWLKDGGPSSGRPPPS,amber,selective,0.6,0.8,0.05,0.15,0.5,0.25,1200,0,200,2.0,34.29908621939083,5.758365928448135,1,6.871119557979439,5.880833637726943,4.933994548653247,86.42220980089407,160,6.791062805856643,5.982525815823974,321.5870508989335,0.6042766997119539,10.427457331256708,6.426422477936852,11.25388240814209,6.910665512084961
trp_cage_ff-amber_chi-selective_hb-0.6_sasa-0.8_vdwr-0.05_vdwa-0.15,trp_cage,trp_cage (2JOF),2JOF,/home/raubenb/gitrepos/QTF/2JOF.pdb,DAYAQWLKDGGPSSGRPPPS,amber,selective,0.6,0.8,0.05,0.15,0.5,0.25,1200,0,200,2.0,34.29908621939083,5.758365928448135,1,6.871119557979439,5.880833637726943,4.933994548653247,86.42220980089407,160,6.791062805856643,5.982525815823974,321.5870508989335,0.6042766997119539,10.427457331256708,6.426422477936852,11.25388240814209,6.910665512084961
trp_cage_ff-amber_chi-selective_hb-0.6_sasa-0.8_vdwr-0.05_vdwa-0.15,trp_cage,trp_cage (2JOF),2JOF,/home/raubenb/gitrepos/QTF/2JOF.pdb,DAYAQWLKDGGPSSGRPPPS,amber,selective,0.6,0.8,0.05,0.15,0.5,0.25,1200,0,200,2.0,34.29908621939083,5.758365928448135,1,6.871119557979439,5.880833637726943,4.933994548653247,86.42220980089407,160,6.791062805856643,5.982525815823974,321.5870508989335,0.6042766997119539,10.427457331256708,6.426422477936852,11.25388240814209,6.910665512084961
trp_cage_ff-amber_chi-selective_hb-0.75_sasa-0.7_vdwr-0.05_vdwa-0.1,trp_cage,trp_cage (2JOF),2JOF,/home/raubenb/gitrepos/QTF/2JOF.pdb,DAYAQWLKDGGPSSGRPPPS,amber,selective,0.75,0.7,0.05,0.1,0.5,0.25,1200,0,200,2.0,-8.591918897434905,6.037267746631834,1,5.754309787442116,5.382072532419089,4.93445196724529,61.53338668262559,182,10.077339815011406,5.778325648761905,298.0552724388582,0.6042766997119539,10.427457331256708,6.426422477936852,11.25388240814209,6.910665512084961
trp_cage_ff-amber_chi-selective_hb-0.75_sasa-0.7_vdwr-0.05_vdwa-0.1,trp_cage,trp_cage (2JOF),2JOF,/home/raubenb/gitrepos/QTF/2JOF.pdb,DAYAQWLKDGGPSSGRPPPS,amber,selective,0.75,0.7,0.05,0.1,0.5,0.25,1200,0,200,2.0,-8.591918897434905,6.037267746631834,1,5.754309787442116,5.382072532419089,4.93445196724529,61.53338668262559,182,10.077339815011406,5.778325648761905,298.0552724388582,0.6042766997119539,10.427457331256708,6.426422477936852,11.25388240814209,6.910665512084961
trp_cage_ff-amber_chi-selective_hb-0.75_sasa-0.7_vdwr-0.05_vdwa-0.1,trp_cage,trp_cage (2JOF),2JOF,/home/raubenb/gitrepos/QTF/2JOF.pdb,DAYAQWLKDGGPSSGRPPPS,amber,selective,0.75,0.7,0.05,0.1,0.5,0.25,1200,0,200,2.0,-8.591918897434905,6.037267746631834,1,5.754309787442116,5.382072532419089,4.93445196724529,61.53338668262559,182,10.077339815011406,5.778325648761905,298.0552724388582,0.6042766997119539,10.427457331256708,6.426422477936852,11.25388240814209,6.910665512084961
trp_cage_ff-amber_chi-selective_hb-0.75_sasa-0.7_vdwr-0.05_vdwa-0.1,trp_cage,trp_cage (2JOF),2JOF,/home/raubenb/gitrepos/QTF/2JOF.pdb,DAYAQWLKDGGPSSGRPPPS,amber,selective,0.75,0.7,0.05,0.1,0.5,0.25,1200,0,200,2.0,-8.591918897434905,6.037267746631834,1,5.754309787442116,5.382072532419089,4.93445196724529,61.53338668262559,182,10.077339815011406,5.778325648761905,297.9574875464705,0.6042766997119539,10.427457331256708,6.426422477936852,11.25388240814209,6.910665512084961
trp_cage_ff-amber_chi-selective_hb-0.75_sasa-0.7_vdwr-0.05_vdwa-0.1,trp_cage,trp_cage (2JOF),2JOF,/home/raubenb/gitrepos/QTF/2JOF.pdb,DAYAQWLKDGGPSSGRPPPS,amber,selective,0.75,0.7,0.05,0.1,0.5,0.25,1200,0,200,2.0,-8.591918897434905,6.037267746631834,1,5.754309787442116,5.382072532419089,4.93445196724529,61.53338668262559,182,10.077339815011406,5.778325648761905,297.9574875464705,0.6042766997119539,10.427457331256708,6.426422477936852,11.25388240814209,6.910665512084961
trp_cage_ff-amber_chi-selective_hb-0.75_sasa-0.7_vdwr-0.05_vdwa-0.1,trp_cage,trp_cage (2JOF),2JOF,/home/raubenb/gitrepos/QTF/2JOF.pdb,DAYAQWLKDGGPSSGRPPPS,amber,selective,0.75,0.7,0.05,0.1,0.5,0.25,1200,0,200,2.0,-8.591918897434905,6.037267746631834,1,5.754309787442116,5.382072532419089,4.93445196724529,61.53338668262559,182,10.077339815011406,5.778325648761905,297.9574875464705,0.6042766997119539,10.427457331256708,6.426422477936852,11.25388240814209,6.910665512084961
trp_cage_ff-amber_chi-selective_hb-0.75_sasa-0.7_vdwr-0.05_vdwa-0.15,trp_cage,trp_cage (2JOF),2JOF,/home/raubenb/gitrepos/QTF/2JOF.pdb,DAYAQWLKDGGPSSGRPPPS,amber,selective,0.75,0.7,0.05,0.15,0.5,0.25,1200,0,200,2.0,-22.02671416153433,6.037267746631834,1,5.754309787442116,5.382072532419089,4.936223284416188,45.59092340260418,199,7.643727231688641,5.700103880496712,286.4290998288189,0.6042766997119539,10.427457331256708,6.426422477936852,11.25388240814209,6.910665512084961
trp_cage_ff-amber_chi-selective_hb-0.75_sasa-0.7_vdwr-0.05_vdwa-0.15,trp_cage,trp_cage (2JOF),2JOF,/home/raubenb/gitrepos/QTF/2JOF.pdb,DAYAQWLKDGGPSSGRPPPS,amber,selective,0.75,0.7,0.05,0.15,0.5,0.25,1200,0,200,2.0,-22.02671416153433,6.037267746631834,1,5.754309787442116,5.382072532419089,4.936223284416188,45.59092340260418,199,7.643727231688641,5.700103880496712,286.4290998288189,0.6042766997119539,10.427457331256708,6.426422477936852,11.25388240814209,6.910665512084961
trp_cage_ff-amber_chi-selective_hb-0.75_sasa-0.7_vdwr-0.05_vdwa-0.15,trp_cage,trp_cage (2JOF),2JOF,/home/raubenb/gitrepos/QTF/2JOF.pdb,DAYAQWLKDGGPSSGRPPPS,amber,selective,0.75,0.7,0.05,0.15,0.5,0.25,1200,0,200,2.0,-22.02671416153433,6.037267746631834,1,5.754309787442116,5.382072532419089,4.936223284416188,45.59092340260418,199,7.643727231688641,5.700103880496712,286.4290998288189,0.6042766997119539,10.427457331256708,6.426422477936852,11.25388240814209,6.910665512084961
trp_cage_ff-amber_chi-selective_hb-0.75_sasa-0.7_vdwr-0.05_vdwa-0.15,trp_cage,trp_cage (2JOF),2JOF,/home/raubenb/gitrepos/QTF/2JOF.pdb,DAYAQWLKDGGPSSGRPPPS,amber,selective,0.75,0.7,0.05,0.15,0.5,0.25,1200,0,200,2.0,-22.02671416153433,6.037267746631834,1,5.754309787442116,5.382072532419089,4.936223284416188,45.59092340260418,199,7.643727231688641,5.700103880496712,286.3313149364312,0.6042766997119539,10.427457331256708,6.426422477936852,11.25388240814209,6.910665512084961
trp_cage_ff-amber_chi-selective_hb-0.75_sasa-0.7_vdwr-0.05_vdwa-0.15,trp_cage,trp_cage (2JOF),2JOF,/home/raubenb/gitrepos/QTF/2JOF.pdb,DAYAQWLKDGGPSSGRPPPS,amber,selective,0.75,0.7,0.05,0.15,0.5,0.25,1200,0,200,2.0,-22.02671416153433,6.037267746631834,1,5.754309787442116,5.382072532419089,4.936223284416188,45.59092340260418,199,7.643727231688641,5.700103880496712,286.3313149364312,0.6042766997119539,10.427457331256708,6.426422477936852,11.25388240814209,6.910665512084961
trp_cage_ff-amber_chi-selective_hb-0.75_sasa-0.7_vdwr-0.05_vdwa-0.15,trp_cage,trp_cage (2JOF),2JOF,/home/raubenb/gitrepos/QTF/2JOF.pdb,DAYAQWLKDGGPSSGRPPPS,amber,selective,0.75,0.7,0.05,0.15,0.5,0.25,1200,0,200,2.0,-22.02671416153433,6.037267746631834,1,5.754309787442116,5.382072532419089,4.936223284416188,45.59092340260418,199,7.643727231688641,5.700103880496712,286.3313149364312,0.6042766997119539,10.427457331256708,6.426422477936852,11.25388240814209,6.910665512084961
trp_cage_ff-amber_chi-selective_hb-0.75_sasa-0.8_vdwr-0.05_vdwa-0.1,trp_cage,trp_cage (2JOF),2JOF,/home/raubenb/gitrepos/QTF/2JOF.pdb,DAYAQWLKDGGPSSGRPPPS,amber,selective,0.75,0.8,0.05,0.1,0.5,0.25,1200,0,200,2.0,11.66645164649247,5.320803520526622,1,5.3435731391736825,5.4579912114421,4.93445196724529,69.35689608870996,172,10.077339815011406,5.778325648761905,313.7297796837304,0.6042766997119539,10.427457331256708,6.426422477936852,11.25388240814209,6.910665512084961
trp_cage_ff-amber_chi-selective_hb-0.75_sasa-0.8_vdwr-0.05_vdwa-0.1,trp_cage,trp_cage (2JOF),2JOF,/home/raubenb/gitrepos/QTF/2JOF.pdb,DAYAQWLKDGGPSSGRPPPS,amber,selective,0.75,0.8,0.05,0.1,0.5,0.25,1200,0,200,2.0,11.66645164649247,5.320803520526622,1,5.3435731391736825,5.4579912114421,4.93445196724529,69.35689608870996,172,10.077339815011406,5.778325648761905,313.7297796837304,0.6042766997119539,10.427457331256708,6.426422477936852,11.25388240814209,6.910665512084961
trp_cage_ff-amber_chi-selective_hb-0.75_sasa-0.8_vdwr-0.05_vdwa-0.1,trp_cage,trp_cage (2JOF),2JOF,/home/raubenb/gitrepos/QTF/2JOF.pdb,DAYAQWLKDGGPSSGRPPPS,amber,selective,0.75,0.8,0.05,0.1,0.5,0.25,1200,0,200,2.0,11.66645164649247,5.320803520526622,1,5.3435731391736825,5.4579912114421,4.93445196724529,69.35689608870996,172,10.077339815011406,5.778325648761905,313.7297796837304,0.6042766997119539,10.427457331256708,6.426422477936852,11.25388240814209,6.910665512084961
trp_cage_ff-amber_chi-selective_hb-0.75_sasa-0.8_vdwr-0.05_vdwa-0.1,trp_cage,trp_cage (2JOF),2JOF,/home/raubenb/gitrepos/QTF/2JOF.pdb,DAYAQWLKDGGPSSGRPPPS,amber,selective,0.75,0.8,0.05,0.1,0.5,0.25,1200,0,200,2.0,11.66645164649247,5.320803520526622,1,5.3435731391736825,5.4579912114421,4.93445196724529,69.35689608870996,172,10.077339815011406,5.778325648761905,313.63199479134266,0.6042766997119539,10.427457331256708,6.426422477936852,11.25388240814209,6.910665512084961
trp_cage_ff-amber_chi-selective_hb-0.75_sasa-0.8_vdwr-0.05_vdwa-0.1,trp_cage,trp_cage (2JOF),2JOF,/home/raubenb/gitrepos/QTF/2JOF.pdb,DAYAQWLKDGGPSSGRPPPS,amber,selective,0.75,0.8,0.05,0.1,0.5,0.25,1200,0,200,2.0,11.66645164649247,5.320803520526622,1,5.3435731391736825,5.4579912114421,4.93445196724529,69.35689608870996,172,10.077339815011406,5.778325648761905,313.63199479134266,0.6042766997119539,10.427457331256708,6.426422477936852,11.25388240814209,6.910665512084961
trp_cage_ff-amber_chi-selective_hb-0.75_sasa-0.8_vdwr-0.05_vdwa-0.1,trp_cage,trp_cage (2JOF),2JOF,/home/raubenb/gitrepos/QTF/2JOF.pdb,DAYAQWLKDGGPSSGRPPPS,amber,selective,0.75,0.8,0.05,0.1,0.5,0.25,1200,0,200,2.0,11.66645164649247,5.320803520526622,1,5.3435731391736825,5.4579912114421,4.93445196724529,69.35689608870996,172,10.077339815011406,5.778325648761905,313.63199479134266,0.6042766997119539,10.427457331256708,6.426422477936852,11.25388240814209,6.910665512084961
trp_cage_ff-amber_chi-selective_hb-0.75_sasa-0.8_vdwr-0.05_vdwa-0.15,trp_cage,trp_cage (2JOF),2JOF,/home/raubenb/gitrepos/QTF/2JOF.pdb,DAYAQWLKDGGPSSGRPPPS,amber,selective,0.75,0.8,0.05,0.15,0.5,0.25,1200,0,200,2.0,-18.00238377950845,6.037267746631834,1,5.754309787442116,5.382072532419089,4.93445196724529,55.60418777327583,172,10.077339815011406,5.778325648761905,302.10360707369114,0.6042766997119539,10.427457331256708,6.426422477936852,11.25388240814209,6.910665512084961
trp_cage_ff-amber_chi-selective_hb-0.75_sasa-0.8_vdwr-0.05_vdwa-0.15,trp_cage,trp_cage (2JOF),2JOF,/home/raubenb/gitrepos/QTF/2JOF.pdb,DAYAQWLKDGGPSSGRPPPS,amber,selective,0.75,0.8,0.05,0.15,0.5,0.25,1200,0,200,2.0,-18.00238377950845,6.037267746631834,1,5.754309787442116,5.382072532419089,4.93445196724529,55.60418777327583,172,10.077339815011406,5.778325648761905,302.10360707369114,0.6042766997119539,10.427457331256708,6.426422477936852,11.25388240814209,6.910665512084961
trp_cage_ff-amber_chi-selective_hb-0.75_sasa-0.8_vdwr-0.05_vdwa-0.15,trp_cage,trp_cage (2JOF),2JOF,/home/raubenb/gitrepos/QTF/2JOF.pdb,DAYAQWLKDGGPSSGRPPPS,amber,selective,0.75,0.8,0.05,0.15,0.5,0.25,1200,0,200,2.0,-18.00238377950845,6.037267746631834,1,5.754309787442116,5.382072532419089,4.93445196724529,55.60418777327583,172,10.077339815011406,5.778325648761905,302.10360707369114,0.6042766997119539,10.427457331256708,6.426422477936852,11.25388240814209,6.910665512084961
trp_cage_ff-amber_chi-selective_hb-0.75_sasa-0.8_vdwr-0.05_vdwa-0.15,trp_cage,trp_cage (2JOF),2JOF,/home/raubenb/gitrepos/QTF/2JOF.pdb,DAYAQWLKDGGPSSGRPPPS,amber,selective,0.75,0.8,0.05,0.15,0.5,0.25,1200,0,200,2.0,-18.00238377950845,6.037267746631834,1,5.754309787442116,5.382072532419089,4.93445196724529,55.60418777327583,172,10.077339815011406,5.778325648761905,302.0058221813034,0.6042766997119539,10.427457331256708,6.426422477936852,11.25388240814209,6.910665512084961
trp_cage_ff-amber_chi-selective_hb-0.75_sasa-0.8_vdwr-0.05_vdwa-0.15,trp_cage,trp_cage (2JOF),2JOF,/home/raubenb/gitrepos/QTF/2JOF.pdb,DAYAQWLKDGGPSSGRPPPS,amber,selective,0.75,0.8,0.05,0.15,0.5,0.25,1200,0,200,2.0,-18.00238377950845,6.037267746631834,1,5.754309787442116,5.382072532419089,4.93445196724529,55.60418777327583,172,10.077339815011406,5.778325648761905,302.0058221813034,0.6042766997119539,10.427457331256708,6.426422477936852,11.25388240814209,6.910665512084961
trp_cage_ff-amber_chi-selective_hb-0.75_sasa-0.8_vdwr-0.05_vdwa-0.15,trp_cage,trp_cage (2JOF),2JOF,/home/raubenb/gitrepos/QTF/2JOF.pdb,DAYAQWLKDGGPSSGRPPPS,amber,selective,0.75,0.8,0.05,0.15,0.5,0.25,1200,0,200,2.0,-18.00238377950845,6.037267746631834,1,5.754309787442116,5.382072532419089,4.93445196724529,55.60418777327583,172,10.077339815011406,5.778325648761905,302.0058221813034,0.6042766997119539,10.427457331256708,6.426422477936852,11.25388240814209,6.910665512084961
