res_index0,resseq,aa,chi_name,native_deg,nearest_rotamer_deg,error_deg,exists_in_search_space
0,1,W,chi1,-71.38785552978516,-60.0,11.387855529785156,True
0,1,W,chi2,108.2939224243164,60.0,48.293922424316406,True
1,2,H,chi1,-65.26941680908203,-60.0,5.269416809082031,True
1,2,H,chi2,-68.68870544433594,-60.0,8.688705444335938,True
2,3,M,chi1,-58.9730110168457,-60.0,1.0269889831542969,True
2,3,M,chi2,-60.425872802734375,,,False
2,3,M,chi3,-68.22832489013672,,,False
3,4,W,chi1,-69.83314514160156,-60.0,9.833145141601562,True
3,4,W,chi2,100.20726013183594,60.0,40.20726013183594,True
4,5,N,chi1,-174.23133850097656,180.0,5.7686614990234375,True
4,5,N,chi2,-25.033401489257812,,,False
5,6,T,chi1,-174.7942657470703,180.0,5.2057342529296875,True
6,7,V,chi1,-58.7835693359375,-60.0,1.2164306640625,True
7,8,P,chi1,29.563945770263672,60.0,30.436054229736328,True
7,8,P,chi2,-37.891204833984375,,,False
8,9,N,chi1,-68.10162353515625,-60.0,8.10162353515625,True
8,9,N,chi2,-76.19261169433594,,,False
10,11,K,chi1,-66.37767791748047,-60.0,6.377677917480469,True
10,11,K,chi2,-178.47401428222656,,,False
10,11,K,chi3,-179.93385314941406,,,False
10,11,K,chi4,179.15447998046875,,,False
11,12,Q,chi1,-176.98526000976562,180.0,3.014739990234375,True
11,12,Q,chi2,71.06593322753906,,,False
11,12,Q,chi3,51.67973327636719,,,False
12,13,V,chi1,178.271240234375,180.0,1.728759765625,True
13,14,I,chi1,-166.98269653320312,180.0,13.017303466796875,True
13,14,I,chi2,167.20217895507812,,,False
