res_index0,resseq,aa,allowed_chis_under_mode,available_chis_full,native_chi1_deg,chi1_exists_in_search_space,chi1_nearest_rotamer_deg,chi1_error_to_nearest_rotamer_deg,chi1_exactly_on_rotamer_grid,native_chi2_deg,chi2_exists_in_search_space,chi2_nearest_rotamer_deg,chi2_error_to_nearest_rotamer_deg,chi2_exactly_on_rotamer_grid,native_chi3_deg,chi3_exists_in_search_space,chi3_nearest_rotamer_deg,chi3_error_to_nearest_rotamer_deg,chi3_exactly_on_rotamer_grid,native_chi4_deg,chi4_exists_in_search_space,chi4_nearest_rotamer_deg,chi4_error_to_nearest_rotamer_deg,chi4_exactly_on_rotamer_grid,native_chi5_deg,chi5_exists_in_search_space,chi5_nearest_rotamer_deg,chi5_error_to_nearest_rotamer_deg,chi5_exactly_on_rotamer_grid
0,1,W,"chi1,chi2","chi1,chi2",-71.38785552978516,True,-60.0,11.387855529785156,False,108.2939224243164,True,60.0,48.293922424316406,False,,False,,,,,False,,,,,False,,,
1,2,H,"chi1,chi2","chi1,chi2",-65.26941680908203,True,-60.0,5.269416809082031,False,-68.68870544433594,True,-60.0,8.688705444335938,False,,False,,,,,False,,,,,False,,,
2,3,M,chi1,"chi1,chi2,chi3",-58.9730110168457,True,-60.0,1.0269889831542969,False,-60.425872802734375,False,,,,-68.22832489013672,False,,,,,False,,,,,False,,,
3,4,W,"chi1,chi2","chi1,chi2",-69.83314514160156,True,-60.0,9.833145141601562,False,100.20726013183594,True,60.0,40.20726013183594,False,,False,,,,,False,,,,,False,,,
4,5,N,chi1,"chi1,chi2",-174.23133850097656,True,180.0,5.7686614990234375,False,-25.033401489257812,False,,,,,False,,,,,False,,,,,False,,,
5,6,T,chi1,chi1,-174.7942657470703,True,180.0,5.2057342529296875,False,,False,,,,,False,,,,,False,,,,,False,,,
6,7,V,chi1,chi1,-58.7835693359375,True,-60.0,1.2164306640625,False,,False,,,,,False,,,,,False,,,,,False,,,
7,8,P,chi1,"chi1,chi2",29.563945770263672,True,60.0,30.436054229736328,False,-37.891204833984375,False,,,,,False,,,,,False,,,,,False,,,
8,9,N,chi1,"chi1,chi2",-68.10162353515625,True,-60.0,8.10162353515625,False,-76.19261169433594,False,,,,,False,,,,,False,,,,,False,,,
9,10,A,,,,False,,,,,False,,,,,False,,,,,False,,,,,False,,,
10,11,K,chi1,"chi1,chi2,chi3,chi4,chi5",-66.37767791748047,True,-60.0,6.377677917480469,False,-178.47401428222656,False,,,,-179.93385314941406,False,,,,179.15447998046875,False,,,,,False,,,
11,12,Q,chi1,"chi1,chi2,chi3",-176.98526000976562,True,180.0,3.014739990234375,False,71.06593322753906,False,,,,51.67973327636719,False,,,,,False,,,,,False,,,
12,13,V,chi1,chi1,178.271240234375,True,180.0,1.728759765625,False,,False,,,,,False,,,,,False,,,,,False,,,
13,14,I,chi1,"chi1,chi2",-166.98269653320312,True,180.0,13.017303466796875,False,167.20217895507812,False,,,,,False,,,,,False,,,,,False,,,
14,15,A,,,,False,,,,,False,,,,,False,,,,,False,,,,,False,,,
15,16,A,,,,False,,,,,False,,,,,False,,,,,False,,,,,False,,,
