End-to-End Dist (Å),End-to-End Target (Å),End-to-End Status,Rg (Å),Rg Target (Å),Rg Status,Backbone RMSD (Å),RMSD Status,Runtime (minutes),Ensemble Size,Sequence,mode,Reference Structure,Force Field,Prime Strategy,Top K,Top Frac,Output Dir,energy_backend,use_e2e_constraint,e2e_scale,rosetta_repack,rosetta_fa_min,rosetta_cen_min
5.644302767480236,5.508595556037851,GOOD,4.95496014581054,4.848916770784997,COMPACT,6.212,BAD,249.32,10,YYDPETGTWY,predict_and_compare,5AWL,amber,Random,,,,,,,,,
5.631679908083143,5.508595556037851,GOOD,4.741510936070038,4.848916770784997,COMPACT,8.025,BAD,269.94,10,YYDPETGTWY,predict_and_compare,5AWL,opls,Random,,,,,,,,,
7.083184043684686,5.508595556037851,GOOD,4.77944758410985,4.848916770784997,COMPACT,5.319,BAD,282.0,10,YYDPETGTWY,predict_and_compare,5AWL,charmm,Random,,,,,,,,,
5.305497736411002,9.44685306695423,GOOD,8.211867189903103,6.881681477842525,COMPACT,12.718,BAD,1432.25,10,DAYAQWLKDGGPSSGRPPPS,predict_and_compare,2JOF,amber,Random,,,,,,,,,
5.374274838280056,9.44685306695423,GOOD,8.847086150518265,6.881681477842525,COMPACT,5.404,BAD,1492.29,10,DAYAQWLKDGGPSSGRPPPS,predict_and_compare,2JOF,opls,Random,,,,,,,,,
5.711239167618011,9.44685306695423,GOOD,6.939495144878983,6.881681477842525,COMPACT,10.521,BAD,1648.73,10,DAYAQWLKDGGPSSGRPPPS,predict_and_compare,2JOF,charmm,Random,,,,,,,,,
5.529116913325421,5.508595556037851,GOOD,4.78088559094614,4.848916770784997,COMPACT,6.782,BAD,2326.69,100,YYDPETGTWY,predict_and_compare,5AWL,amber,Random,,,,,,,,,
5.755779366195169,5.508595556037851,GOOD,4.310217639773168,4.848916770784997,COMPACT,4.152,BAD,2367.66,100,YYDPETGTWY,predict_and_compare,5AWL,charmm,Random,,,,,,,,,
5.454110453904509,5.508595556037851,GOOD,5.120705357679858,4.848916770784997,COMPACT,3.066,BAD,2408.5,100,YYDPETGTWY,predict_and_compare,5AWL,opls,Random,,,,,,,,,
5.5618269873967625,9.44685306695423,GOOD,9.199367061631897,6.881681477842525,PUFFY,8.238,BAD,13259.39,100,DAYAQWLKDGGPSSGRPPPS,predict_and_compare,2JOF,opls,Random,,,,,,,,,
5.6500690355236864,9.44685306695423,GOOD,7.114811046577771,6.881681477842525,COMPACT,11.716,BAD,13692.8,100,DAYAQWLKDGGPSSGRPPPS,predict_and_compare,2JOF,amber,Random,,,,,,,,,
4.67960852299132,9.44685306695423,GOOD,6.224529563960432,6.881681477842525,COMPACT,6.789,BAD,14139.83,100,DAYAQWLKDGGPSSGRPPPS,predict_and_compare,2JOF,charmm,Random,,,,,,,,,
5.532822552744821,5.508595556037851,GOOD,5.659709332822943,4.848916770784997,COMPACT,7.703,BAD,88.3489405353864,4,YYDPETGTWY,predict_and_compare,5AWL,amber,random,2.0,,outputs/YYDPETGTWY_amber_20260203_135136,,,,,,
10.371398884788722,5.508595556037851,GOOD,5.539077118074259,4.848916770784997,COMPACT,2.938,BAD,24.651996024449662,2,YYDPETGTWY,predict_and_compare,5AWL,amber,random,1.0,,outputs/YYDPETGTWY_amber_20260217_135523,,,,,,
5.593570582117955,5.508595556037851,GOOD,5.498759735724493,4.848916770784997,COMPACT,3.036,BAD,376.36028209527336,10,YYDPETGTWY,predict_and_compare,5AWL,amber,random,10.0,,outputs/YYDPETGTWY_amber_20260303_114320,,,,,,
5.385563997106559,5.508595556037851,GOOD,5.118268426453005,4.848916770784997,COMPACT,3.28,BAD,28487.657655119896,1000,YYDPETGTWY,predict_and_compare,5AWL,opls,random,1000.0,,outputs/YYDPETGTWY_opls_20260303_140959,,,,,,
5.593570582117955,5.508595556037851,GOOD,5.498759735724493,4.848916770784997,COMPACT,3.036,BAD,36782.12351184686,1000,YYDPETGTWY,predict_and_compare,5AWL,amber,random,1000.0,,outputs/YYDPETGTWY_amber_20260303_140939,,,,,,
5.525560150510703,5.508595556037851,GOOD,4.8009991420169325,4.848916770784997,COMPACT,4.18,BAD,38124.24900849263,1000,YYDPETGTWY,predict_and_compare,5AWL,charmm,random,1000.0,,outputs/YYDPETGTWY_charmm_20260303_141015,,,,,,
18.402936407066026,11.25388341862488,EXPANDED,7.451504808411917,6.910665322709527,COMPACT,6.331,BAD,2263.3215507507325,20,DAYAQWLKDGGPSSGRPPPS,predict_and_compare,2JOF,amber,random,5.0,,outputs/DAYAQWLKDGGPSSGRPPPS_amber_20260504_135745,rosetta,True,1.0,True,True,False
11.788651840056,,,6.060150615408472,,,,,0.0700971285502116,100,YYDPETGTWY,predict_only,,amber,random,100.0,,outputs/YYDPETGTWY_amber_20260518_190708,custom,True,1.0,False,False,False
11.788651840056,5.508595556037851,EXPANDED,6.060150615408472,4.848916770784997,COMPACT,3.836,BAD,0.0713402827580769,100,YYDPETGTWY,predict_and_compare,5AWL,amber,random,100.0,,outputs/YYDPETGTWY_amber_20260518_190759,custom,True,1.0,False,False,False
11.788651840056,5.508595556037851,EXPANDED,6.060150615408472,4.848916770784997,COMPACT,3.836,BAD,0.0701102932294209,100,YYDPETGTWY,predict_and_compare,5AWL,amber,random,100.0,,outputs/YYDPETGTWY_amber_20260518_195806,custom,True,1.0,False,False,False
11.788651840056,5.508595556037851,EXPANDED,6.060150615408472,4.848916770784997,COMPACT,3.836,BAD,0.0734278241793314,100,YYDPETGTWY,predict_and_compare,5AWL,amber,random,100.0,,outputs/YYDPETGTWY_amber_20260518_201258,custom,True,1.0,False,False,False
11.788651840056,5.508595556037851,EXPANDED,6.060150615408472,4.848916770784997,COMPACT,3.836,BAD,0.0740583062171936,100,YYDPETGTWY,predict_and_compare,5AWL,amber,random,100.0,,outputs/YYDPETGTWY_amber_20260518_201438,custom,True,1.0,False,False,False
16.933004469418737,5.508595556037851,EXPANDED,6.596188513071108,4.848916770784997,COMPACT,4.289,BAD,0.0838915665944417,100,YYDPETGTWY,predict_and_compare,5AWL,amber,random,100.0,,outputs/YYDPETGTWY_amber_20260518_202720,custom,True,1.0,False,False,False
16.933004469418737,5.508595556037851,EXPANDED,6.596188513071108,4.848916770784997,COMPACT,4.289,BAD,0.1097772439320882,100,YYDPETGTWY,predict_and_compare,5AWL,amber,random,100.0,,outputs/YYDPETGTWY_amber_20260518_203230,custom,True,1.0,False,False,False
16.933004469418737,5.508595556037851,EXPANDED,6.596188513071108,4.848916770784997,COMPACT,4.289,BAD,0.1031564633051554,100,YYDPETGTWY,predict_and_compare,5AWL,amber,random,100.0,,outputs/YYDPETGTWY_amber_20260518_204050,custom,True,1.0,False,False,False
12.858521257479891,,,5.859659791064619,,,,,1048.7766059160233,100,YYDPETGTWY,predict_only,,amber,random,100.0,,outputs/YYDPETGTWY_amber_20260518_190302,custom,True,1.0,False,False,False
16.933004469418737,5.508595556037851,EXPANDED,6.596188513071108,4.848916770784997,COMPACT,4.289,BAD,0.1030631025632222,100,YYDPETGTWY,predict_and_compare,5AWL,amber,random,100.0,,outputs/YYDPETGTWY_amber_20260519_123849,custom,True,1.0,False,False,False
16.933004469418737,5.508595556037851,EXPANDED,6.596188513071108,4.848916770784997,COMPACT,4.289,BAD,0.1048327644666036,100,YYDPETGTWY,predict_and_compare,5AWL,amber,random,100.0,,outputs/YYDPETGTWY_amber_20260519_125550,custom,True,1.0,False,False,False
13.26583235624418,5.508595556037851,EXPANDED,5.852552626824772,4.848916770784997,COMPACT,4.237,BAD,0.0721447507540384,100,YYDPETGTWY,predict_and_compare,5AWL,amber,random,1.0,,outputs/YYDPETGTWY_amber_20260519_143055,custom,True,1.0,False,False,False
13.26583235624418,5.508595556037851,EXPANDED,5.852552626824772,4.848916770784997,COMPACT,4.237,BAD,0.0700615286827087,100,YYDPETGTWY,predict_and_compare,5AWL,amber,random,1.0,,outputs/YYDPETGTWY_amber_20260519_144941,custom,True,1.0,False,False,False
13.26583235624418,5.508595556037851,EXPANDED,5.852552626824772,4.848916770784997,COMPACT,4.237,BAD,0.0720574816068013,100,YYDPETGTWY,predict_and_compare,5AWL,amber,random,1.0,,outputs/YYDPETGTWY_amber_20260519_145322,custom,True,1.0,False,False,False
11.094429554547366,5.508595556037851,EXPANDED,5.5425918012617945,4.848916770784997,COMPACT,2.638,BAD,0.0719882448514302,100,YYDPETGTWY,predict_and_compare,5AWL,amber,random,1.0,,outputs/YYDPETGTWY_amber_20260519_145412,custom,True,1.0,False,False,False
13.26583235624418,5.508595556037851,EXPANDED,5.852552626824772,4.848916770784997,COMPACT,4.237,BAD,0.0759033521016438,100,YYDPETGTWY,predict_and_compare,5AWL,amber,random,1.0,,outputs/YYDPETGTWY_amber_20260519_145540,custom,True,1.0,False,False,False
11.554742133518786,5.508595556037851,EXPANDED,5.191478089923803,4.848916770784997,COMPACT,1.996,GOOD,0.0998247345288594,100,YYDPETGTWY,predict_and_compare,5AWL,amber,random,100.0,,outputs/YYDPETGTWY_amber_20260519_154916,custom,True,1.0,False,False,False
16.933004469418737,5.508595556037851,EXPANDED,6.596188513071108,4.848916770784997,COMPACT,4.289,BAD,0.1013175090154012,100,YYDPETGTWY,predict_and_compare,5AWL,amber,random,100.0,,outputs/YYDPETGTWY_amber_20260519_164002,custom,True,1.0,False,False,False
16.20871679066545,5.508595556037851,EXPANDED,6.5692951676721005,4.848916770784997,COMPACT,4.563,BAD,0.0237651387850443,3,YYDPETGTWY,predict_and_compare,5AWL,amber,random,3.0,,outputs/YYDPETGTWY_amber_20260519_165016,custom,True,1.0,False,False,False
7.840267852567282,5.508595556037851,GOOD,4.413362663548057,4.848916770784997,COMPACT,2.623,BAD,0.0874637047449747,10,YYDPETGTWY,predict_and_compare,5AWL,amber,random,10.0,,outputs/YYDPETGTWY_amber_20260519_165623,custom,True,1.0,False,False,False
8.446129290982938,5.508595556037851,GOOD,4.603833294114807,4.848916770784997,COMPACT,2.464,BAD,1.84814080397288,100,YYDPETGTWY,predict_and_compare,5AWL,amber,random,100.0,,outputs/YYDPETGTWY_amber_20260519_170010,custom,True,1.0,False,False,False
6.865784733007582,5.508595556037851,GOOD,4.807723889742421,4.848916770784997,COMPACT,2.305,BAD,2.0110684434572854,100,YYDPETGTWY,predict_and_compare,5AWL,amber,random,100.0,,outputs/YYDPETGTWY_amber_20260520_120935,custom,True,1.0,False,False,False
